-1,119,119,119,119,119,119,20,20,20
0,205,6,53.96,-3.78,1002.20,-90.94,5.49,109.86,19.45,9.63,-28.94,-1.80,-1.91,-0.11,0.09
1,219,6,66.28,27.47,1003.42,-29.91,59.81,117.19,15.82,-3.06,-29.90,-1.60,-1.92,-0.29,0.14
2,233,6,-68.85,-1.34,999.15,79.35,85.45,151.98,-24.00,48.62,-31.80,-1.40,-1.80,0.11,0.29
0,246,6,68.48,-1.83,987.06,-54.93,8.54,53.10,19.51,9.09,-29.15,-1.37,-1.86,-0.16,0.27
1,260,6,62.26,28.32,1023.68,-17.70,39.06,72.63,15.15,-3.94,-29.72,-1.19,-1.86,-0.34,0.29
2,273,6,-64.45,-21.12,965.70,62.26,109.25,101.93,-23.38,49.08,-31.36,-1.12,-1.77,0.08,0.46
0,289,6,50.90,-10.38,1016.60,-29.91,56.76,8.54,18.76,9.40,-29.46,-1.12,-1.80,-0.04,0.52
1,304,6,64.45,22.58,1019.04,9.77,89.11,51.88,15.93,-3.82,-29.61,-0.94,-1.76,-0.17,0.60
2,317,6,-70.31,-25.27,990.84,29.91,45.17,80.57,-24.01,49.05,-31.30,-0.94,-1.72,0.18,0.70
0,330,5,56.76,-5.00,981.57,-9.77,93.99,-7.93,18.76,9.40,-29.46,-0.91,-1.71,0.04,0.77
1,343,6,68.48,24.41,1001.46,18.92,85.45,44.56,15.78,-3.93,-29.04,-0.72,-1.65,-0.13,0.83
2,356,6,-73.00,-26.00,1020.02,22.58,54.93,53.10,-24.04,49.74,-30.42,-0.75,-1.62,0.24,0.94
0,372,6,62.62,-29.05,966.06,-6.71,47.00,-40.28,19.62,9.72,-29.54,-0.83,-1.63,0.03,0.96
1,387,6,69.34,29.05,992.07,19.53,9.77,20.14,15.80,-4.03,-30.15,-0.63,-1.56,-0.24,0.91
2,400,6,-70.19,-46.88,993.77,2.44,111.69,26.25,-24.35,49.39,-31.13,-0.77,-1.57,0.20,1.10
0,413,6,41.99,-2.56,1001.22,20.14,0.61,-51.88,19.09,9.11,-28.78,-0.70,-1.53,0.02,1.05
1,427,5,51.88,30.27,1023.44,70.19,-14.65,19.53,15.80,-4.03,-30.15,-0.45,-1.40,-0.20,0.98
2,442,5,-55.42,-24.54,980.59,-32.35,66.53,25.02,-24.35,49.39,-31.13,-0.57,-1.45,0.13,1.11
0,454,6,47.49,-0.37,990.11,54.32,35.40,-61.65,19.49,9.75,-28.86,-0.46,-1.35,-0.02,1.10
1,468,7,53.22,24.05,1004.52,86.06,21.97,-10.38,15.81,-3.71,-29.09,-0.22,-1.20,-0.21,1.07
2,482,6,-56.40,-7.32,983.76,-34.18,25.63,-11.60,-23.86,49.19,-30.98,-0.28,-1.23,0.07,1.13
0,495,6,39.31,-27.83,970.83,50.05,50.66,-93.99,19.42,9.89,-28.78,-0.31,-1.17,-0.03,1.14
1,508,7,53.22,-0.49,1000.49,75.07,34.79,-31.74,16.06,-3.93,-29.32,-0.20,-1.05,-0.20,1.12
2,525,6,-63.11,-20.51,983.89,-12.82,6.10,-18.31,-24.44,49.16,-30.53,-0.29,-1.07,0.08,1.17
0,539,5,37.60,-41.26,958.62,19.53,47.61,-84.84,19.42,9.89,-28.78,-0.42,-1.07,-0.03,1.17
1,551,7,55.05,-12.45,995.97,40.89,28.69,-21.97,16.33,-3.75,-30.30,-0.39,-1.00,-0.21,1.12
2,565,6,-61.40,0.00,979.49,12.82,26.86,-6.71,-24.37,48.66,-30.70,-0.34,-0.97,0.09,1.20
0,578,6,40.16,-44.68,985.72,-3.66,45.17,-80.57,19.47,10.11,-29.82,-0.51,-1.00,-0.02,1.19
1,591,7,53.83,-15.26,1012.33,20.14,51.27,-25.63,16.10,-3.56,-28.67,-0.51,-0.97,-0.17,1.18
2,609,5,-60.55,5.74,980.35,22.58,-11.60,-14.04,-25.18,49.41,-30.00,-0.41,-0.91,0.07,1.20
0,622,6,45.04,-39.31,973.75,-7.32,77.51,-90.33,20.57,10.05,-29.72,-0.55,-0.94,-0.02,1.22
1,635,7,56.88,-11.72,996.34,17.70,67.75,-35.40,16.80,-3.67,-29.48,-0.54,-0.91,-0.16,1.21
2,649,5,-63.96,-3.05,989.62,15.87,-3.66,-20.75,-25.18,49.41,-30.00,-0.50,-0.88,0.10,1.26
0,661,6,35.16,-48.10,979.49,1.22,65.31,-91.55,20.09,9.72,-28.49,-0.66,-0.92,0.03,1.27
1,677,6,51.15,-18.07,1000.61,32.35,53.10,-29.91,16.80,-3.67,-29.48,-0.64,-0.87,-0.10,1.25
2,691,6,-61.04,-8.30,986.57,7.93,0.61,-13.43,-25.33,48.75,-30.33,-0.62,-0.85,0.16,1.29
0,704,6,42.85,-28.81,964.97,8.54,59.81,-83.62,20.45,9.92,-30.20,-0.68,-0.86,0.04,1.28
1,717,6,53.10,-0.24,990.60,38.45,43.33,-31.13,16.66,-3.85,-29.58,-0.59,-0.79,-0.12,1.23
2,731,6,-58.59,5.49,995.48,8.54,25.63,-23.80,-25.04,48.72,-31.81,-0.51,-0.75,0.16,1.31
0,744,5,39.67,-44.56,974.37,7.93,30.52,-106.20,20.45,9.92,-30.20,-0.65,-0.78,0.02,1.25
1,759,6,49.07,-24.78,993.53,46.39,15.26,-47.00,16.83,-3.31,-29.74,-0.64,-0.72,-0.16,1.17
2,773,6,-60.42,-9.28,982.67,-15.87,47.61,-21.97,-25.60,48.58,-31.37,-0.65,-0.74,0.16,1.28
0,787,6,26.61,-63.60,958.50,40.28,12.21,-90.94,20.83,9.73,-29.30,-0.82,-0.76,0.05,1.21
1,800,6,47.97,-29.91,985.35,67.14,-7.93,-17.09,17.32,-3.04,-29.94,-0.80,-0.70,-0.16,1.09
2,814,6,-56.15,4.39,989.38,-11.60,73.85,5.49,-25.70,49.16,-31.18,-0.74,-0.69,0.17,1.23
0,827,6,31.62,-57.25,958.13,12.82,-16.48,-68.36,21.47,9.91,-29.93,-0.91,-0.74,0.01,1.12
1,843,6,42.85,-30.27,1000.49,30.52,-25.63,-7.32,17.02,-2.54,-29.35,-0.92,-0.72,-0.20,0.97
2,858,4,-51.39,7.57,959.35,10.99,72.63,10.38,-25.70,49.16,-31.18,-0.81,-0.68,0.11,1.11
0,870,6,23.56,-69.09,979.98,4.27,3.05,-62.87,20.65,10.29,-28.86,-1.03,-0.76,0.01,1.03
1,883,5,45.53,-39.55,1003.05,32.35,1.83,6.10,17.02,-2.54,-29.35,-1.08,-0.77,-0.17,0.93
2,896,6,-55.66,17.21,972.05,13.43,39.67,26.86,-25.31,48.01,-31.90,-0.92,-0.70,0.12,1.03
0,909,6,38.09,-62.62,967.90,-3.05,31.13,-50.66,21.01,10.40,-29.05,-1.12,-0.79,-0.01,0.97
1,925,6,55.05,-34.55,996.95,13.43,26.86,10.99,17.16,-2.99,-29.74,-1.16,-0.81,-0.19,0.87
2,939,6,-63.35,18.68,973.14,30.52,26.25,23.80,-25.56,48.25,-30.80,-0.96,-0.72,0.12,0.98
0,953,6,46.39,-62.38,963.01,-15.87,43.33,-56.76,21.01,10.77,-29.43,-1.17,-0.83,-0.03,0.91
1,966,6,59.94,-26.61,986.33,5.49,27.47,4.88,17.11,-3.41,-30.21,-1.19,-0.84,-0.23,0.80
2,979,7,-67.50,21.97,1000.49,46.39,38.45,10.38,-25.72,48.50,-31.35,-0.96,-0.72,0.10,0.93
0,996,5,44.31,-58.72,969.48,-36.62,17.09,-68.36,21.01,10.77,-29.43,-1.19,-0.86,-0.06,0.83
1,1008,6,55.91,-31.37,1010.74,-10.99,1.22,-6.71,17.24,-3.02,-28.78,-1.25,-0.91,-0.28,0.69
2,1022,7,-62.74,-2.44,982.06,43.95,53.10,14.65,-25.93,48.85,-31.45,-1.11,-0.83,0.06,0.84
0,1036,6,36.62,-59.57,1000.24,-13.43,20.14,-56.15,20.79,9.97,-29.09,-1.29,-0.93,-0.06,0.75
1,1049,6,56.15,-27.59,1012.08,21.36,14.04,13.43,17.93,-3.43,-29.68,-1.28,-0.93,-0.26,0.63
2,1062,6,-67.14,3.17,997.07,7.32,45.78,34.79,-25.93,48.85,-31.45,-1.17,-0.89,0.08,0.77
0,1078,6,48.71,-49.32,1000.37,12.82,26.86,-45.17,21.13,9.94,-28.56,-1.27,-0.94,-0.08,0.68
1,1092,6,62.01,-18.68,1024.29,42.72,20.75,18.31,17.66,-3.59,-29.21,-1.20,-0.89,-0.29,0.55
2,1105,7,-73.73,18.80,985.84,-4.27,27.47,27.47,-26.11,48.83,-31.49,-1.04,-0.84,0.06,0.69
0,1119,6,54.20,-63.60,991.33,23.80,50.66,-55.54,21.42,9.29,-28.93,-1.20,-0.90,-0.10,0.61
1,1132,5,67.87,-32.71,1000.61,53.71,45.78,9.16,17.66,-3.59,-29.21,-1.18,-0.87,-0.31,0.50
2,1145,7,-74.58,8.54,990.84,-10.38,11.60,25.63,-26.23,48.54,-31.57,-1.08,-0.85,0.03,0.62
0,1162,6,47.85,-58.96,967.29,21.97,44.56,-53.10,21.31,9.28,-28.94,-1.21,-0.91,-0.10,0.55
1,1175,6,63.60,-27.47,990.23,48.22,29.30,15.87,17.71,-2.95,-30.19,-1.18,-0.88,-0.32,0.42
2,1188,7,-72.02,5.13,986.21,-6.10,31.74,34.79,-26.42,48.84,-32.01,-1.08,-0.85,0.04,0.57
0,1202,5,49.32,-58.59,954.71,18.31,26.25,-41.50,21.31,9.28,-28.94,-1.23,-0.92,-0.14,0.46
1,1215,6,66.89,-30.27,981.08,45.78,10.38,26.86,17.59,-3.11,-28.53,-1.21,-0.90,-0.39,0.30
2,1228,10,-71.90,11.96,982.18,-0.61,62.87,42.72,-26.45,48.38,-30.55,-1.08,-0.86,0.01,0.49
0,1245,6,47.24,-56.64,968.75,9.77,-0.61,-39.67,21.22,10.17,-29.37,-1.22,-0.93,-0.19,0.35
1,1258,6,61.28,-27.71,998.29,37.84,-9.16,22.58,17.52,-2.89,-28.77,-1.20,-0.91,-0.43,0.18
2,1271,5,-70.19,10.50,962.28,1.83,51.27,39.06,-26.45,48.38,-30.55,-1.07,-0.87,-0.05,0.35
0,1285,6,48.95,-56.88,969.48,10.99,15.26,-39.06,21.51,9.45,-29.83,-1.22,-0.95,-0.23,0.23
1,1298,6,65.06,-24.78,990.11,36.01,15.87,23.80,17.93,-3.39,-29.58,-1.19,-0.93,-0.46,0.09
2,1314,6,-72.88,13.06,975.71,11.60,40.28,37.23,-25.85,48.39,-30.48,-1.03,-0.86,-0.06,0.26
0,1328,6,51.88,-63.84,958.62,-0.61,25.02,-43.33,21.79,10.16,-28.00,-1.23,-0.97,-0.24,0.15
1,1341,5,69.21,-31.37,982.91,25.63,9.77,25.02,17.93,-3.39,-29.58,-1.24,-0.98,-0.50,-0.01
2,1354,6,-78.25,14.65,987.18,15.87,54.93,40.28,-25.95,48.11,-31.04,-1.07,-0.91,-0.08,0.19
0,1368,6,59.81,-52.00,956.54,-2.44,0.61,-43.95,21.41,10.18,-29.21,-1.22,-1.00,-0.32,0.03
1,1381,6,68.48,-16.72,986.94,20.75,-16.48,17.09,17.79,-3.31,-29.08,-1.18,-0.98,-0.60,-0.17
2,1397,6,-70.56,0.37,975.34,20.75,79.35,24.41,-26.71,48.30,-31.84,-1.06,-0.92,-0.14,0.07
0,1412,4,42.11,-49.93,979.13,-3.66,-13.43,-57.37,21.41,10.18,-29.21,-1.19,-1.01,-0.32,-0.06
1,1424,6,60.42,-20.87,1001.34,26.25,-16.48,12.21,17.10,-3.23,-29.90,-1.16,-0.99,-0.56,-0.23
2,1437,6,-71.66,-8.67,981.93,15.26,63.48,39.67,-26.48,48.36,-32.79,-1.10,-0.96,-0.15,-0.03
0,1452,6,50.42,-42.48,959.72,-1.22,-2.44,-37.23,21.17,9.85,-29.30,-1.20,-1.03,-0.35,-0.17
1,1468,6,66.41,-10.25,984.01,23.80,-17.09,28.08,17.50,-2.65,-30.25,-1.12,-0.99,-0.62,-0.37
2,1481,5,-73.61,-5.49,981.08,17.70,84.23,42.11,-26.48,48.36,-32.79,-1.04,-0.96,-0.18,-0.13
0,1494,6,48.83,-46.88,970.70,-1.83,-22.58,-36.01,21.46,10.17,-29.38,-1.17,-1.04,-0.40,-0.29
1,1508,6,64.09,-20.39,1002.81,24.41,-28.08,31.13,17.40,-2.87,-29.96,-1.14,-1.02,-0.66,-0.48
2,1521,6,-74.95,-3.54,962.65,13.43,71.41,54.93,-26.22,48.33,-31.31,-1.05,-0.99,-0.21,-0.24
0,1534,7,53.59,-51.39,981.32,4.88,-0.61,-24.41,21.55,9.72,-29.61,-1.18,-1.07,-0.42,-0.38
1,1551,6,73.00,-15.14,994.63,33.57,4.27,40.28,17.03,-3.27,-28.44,-1.11,-1.02,-0.68,-0.56
2,1565,6,-81.54,19.41,982.42,17.09,51.27,48.22,-25.88,48.41,-30.74,-0.93,-0.93,-0.23,-0.33
0,1579,6,69.09,-51.51,959.72,-6.71,11.60,-34.18,20.61,9.94,-28.82,-1.09,-1.03,-0.49,-0.49
1,1592,5,77.64,-23.07,993.04,9.16,-6.71,20.75,17.03,-3.27,-28.44,-1.10,-1.04,-0.78,-0.67
2,1604,6,-82.15,11.84,983.40,34.18,66.53,35.40,-26.10,48.61,-30.52,-0.93,-0.95,-0.30,-0.42
0,1618,6,58.47,-52.86,977.42,-15.87,0.00,-46.39,20.61,9.94,-28.82,-1.10,-1.06,-0.52,-0.56
1,1634,6,74.22,-24.54,1000.73,12.82,-9.16,18.92,17.10,-3.32,-29.10,-1.10,-1.06,-0.80,-0.76
2,1647,6,-79.71,6.47,985.60,28.69,61.65,34.18,-25.79,48.61,-30.87,-0.96,-0.99,-0.34,-0.51
0,1660,7,57.13,-47.61,983.52,-15.26,4.88,-48.22,20.86,10.41,-29.37,-1.11,-1.08,-0.54,-0.65
1,1675,6,68.60,-17.58,1011.60,9.16,1.22,15.87,17.54,-3.05,-29.00,-1.09,-1.08,-0.77,-0.80
2,1688,5,-73.97,4.88,981.32,30.52,46.39,29.30,-25.79,48.61,-30.87,-0.96,-1.01,-0.36,-0.59
0,1703,7,57.50,-47.24,979.61,-13.43,29.30,-53.10,21.55,10.14,-28.66,-1.10,-1.11,-0.53,-0.69
1,1717,6,73.00,-16.85,998.05,11.60,21.36,9.77,16.78,-3.02,-29.36,-1.08,-1.10,-0.76,-0.83
2,1731,6,-82.15,8.18,1000.24,30.52,50.66,19.53,-26.10,48.89,-31.09,-0.93,-1.02,-0.31,-0.60
0,1744,7,61.28,-53.47,973.75,-17.09,9.16,-61.04,21.03,9.22,-29.37,-1.11,-1.13,-0.53,-0.73
1,1758,6,77.27,-27.59,1002.20,17.09,-7.32,6.71,17.19,-3.16,-28.58,-1.12,-1.14,-0.81,-0.91
2,1772,6,-85.57,5.86,974.12,17.09,61.04,23.80,-26.14,48.51,-31.24,-1.00,-1.07,-0.32,-0.65
0,1788,7,64.45,-51.15,977.78,4.88,13.43,-56.15,20.81,9.52,-28.99,-1.13,-1.15,-0.55,-0.79
1,1802,5,76.17,-17.09,999.27,28.08,8.54,3.05,17.19,-3.16,-28.58,-1.08,-1.13,-0.80,-0.95
2,1814,6,-79.35,12.82,994.38,17.70,49.44,14.04,-26.07,48.86,-31.38,-0.93,-1.05,-0.36,-0.72
0,1827,6,60.30,-41.63,964.72,-18.31,9.77,-70.19,20.69,9.36,-29.57,-1.07,-1.14,-0.58,-0.85
1,1842,6,70.56,-12.70,1000.12,0.00,-4.88,-12.82,17.54,-3.06,-29.10,-1.04,-1.14,-0.83,-1.01
2,1858,6,-80.20,-1.34,990.48,45.78,68.97,0.00,-26.43,49.23,-30.49,-0.90,-1.04,-0.34,-0.74
0,1871,5,54.32,-46.63,979.98,-17.70,-10.99,-72.63,20.69,9.36,-29.57,-1.05,-1.14,-0.55,-0.88
1,1884,6,66.65,-18.92,1000.98,18.92,-25.02,-10.38,17.53,-3.05,-29.14,-1.03,-1.12,-0.81,-1.06
2,1898,5,-72.14,-1.10,977.29,6.10,83.62,7.32,-26.43,49.23,-30.49,-0.96,-1.09,-0.36,-0.79
0,1910,6,47.61,-48.71,988.40,11.60,-12.21,-68.36,21.04,9.52,-29.24,-1.07,-1.15,-0.54,-0.92
1,1924,6,61.40,-13.06,1014.04,40.28,-9.16,-7.93,17.79,-2.94,-28.77,-1.00,-1.10,-0.76,-1.06
2,1940,6,-67.26,10.01,996.58,11.60,56.15,3.05,-25.34,49.18,-30.80,-0.87,-1.03,-0.35,-0.84
0,1954,6,52.12,-39.31,980.10,-0.61,9.77,-79.96,21.69,9.84,-29.32,-0.97,-1.09,-0.53,-0.94
1,1968,6,60.91,-17.70,1004.39,20.75,-1.83,-26.86,17.48,-3.23,-28.99,-0.95,-1.08,-0.73,-1.08
2,1981,6,-65.31,-0.61,973.14,10.38,52.49,-14.04,-25.87,48.65,-30.51,-0.87,-1.04,-0.35,-0.86
0,1995,6,36.99,-60.67,985.35,14.04,12.82,-82.40,21.23,9.64,-29.10,-1.04,-1.13,-0.46,-0.93
1,2009,6,57.86,-35.52,1000.61,51.88,9.16,-18.31,18.03,-3.42,-28.83,-1.04,-1.11,-0.64,-1.05
2,2025,6,-67.63,14.89,1000.73,-3.66,50.05,10.38,-25.74,49.04,-31.13,-0.92,-1.06,-0.25,-0.83
0,2039,6,48.71,-49.68,956.79,10.38,6.10,-67.14,21.55,10.12,-29.37,-1.05,-1.13,-0.43,-0.93
1,2053,5,62.26,-28.56,994.14,30.52,-14.04,-9.77,18.03,-3.42,-28.83,-1.05,-1.13,-0.67,-1.08
2,2065,6,-64.58,11.60,989.38,16.48,78.74,1.22,-26.29,48.94,-31.18,-0.91,-1.05,-0.26,-0.84
0,2078,5,38.70,-65.31,988.04,-4.88,-11.60,-72.63,21.55,10.12,-29.37,-1.12,-1.17,-0.41,-0.94
1,2095,6,60.06,-42.48,1017.09,19.53,-17.70,-5.49,17.35,-3.00,-28.39,-1.18,-1.21,-0.65,-1.10
2,2108,6,-73.85,26.61,1003.42,26.86,73.24,15.26,-25.94,48.67,-31.63,-0.95,-1.08,-0.21,-0.84
0,2121,6,54.69,-95.70,1014.65,-19.53,0.61,-59.20,21.22,10.57,-30.19,-1.29,-1.29,-0.41,-0.96
1,2136,6,74.10,-71.90,1075.20,0.61,2.44,6.71,17.87,-3.03,-28.89,-1.47,-1.40,-0.66,-1.11
2,2149,5,-77.39,73.85,1032.23,57.37,35.40,19.53,-25.94,48.67,-31.63,-1.01,-1.14,-0.27,-0.89
0,2161,6,71.90,-106.93,1081.79,-55.54,49.44,-65.31,21.24,9.99,-29.44,-1.41,-1.40,-0.45,-0.97
1,2178,6,87.77,-90.21,1153.32,-59.81,101.93,-21.97,17.09,-2.89,-28.53,-1.71,-1.63,-0.57,-0.98
2,2192,6,-94.36,99.98,1082.03,115.36,-72.63,-17.70,-25.60,48.34,-30.99,-1.07,-1.24,-0.27,-0.89
0,2205,6,83.37,-117.55,1134.89,-90.94,160.52,-97.66,21.75,9.70,-28.96,-1.53,-1.55,-0.34,-0.84
1,2220,6,86.30,-80.20,1161.74,-52.49,181.27,-51.88,18.01,-3.67,-28.86,-1.77,-1.73,-0.38,-0.77
2,2233,6,-97.53,43.70,1087.52,51.88,-140.38,-31.74,-26.60,48.49,-30.88,-1.42,-1.53,-0.18,-0.77
0,2249,6,65.43,-118.29,1177.73,155.03,244.75,-92.16,21.75,8.89,-28.34,-1.48,-1.46,-0.01,-0.51
1,2264,6,93.87,-87.77,1161.87,113.53,246.58,-25.02,18.81,-3.63,-29.20,-1.53,-1.44,-0.02,-0.38
2,2277,6,-115.60,65.19,1122.68,-97.66,-188.60,-2.44,-27.12,49.39,-30.04,-1.32,-1.41,0.15,-0.43
0,2291,6,85.57,-133.06,1132.20,164.18,247.80,-72.02,22.86,9.78,-28.63,-1.48,-1.41,0.16,-0.28
1,2305,5,106.57,-102.17,1116.21,244.75,224.61,-5.49,18.81,-3.63,-29.20,-1.46,-1.28,0.03,-0.24
2,2320,6,-124.39,78.00,1142.70,-230.71,-131.23,31.13,-28.03,48.29,-31.41,-1.44,-1.48,0.26,-0.25
0,2334,5,104.74,-141.11,1082.15,269.17,170.29,-45.78,22.86,9.78,-28.63,-1.54,-1.39,0.06,-0.28
1,2347,6,124.39,-127.44,1107.67,318.60,134.28,15.87,19.74,-2.88,-28.53,-1.48,-1.19,-0.21,-0.37
2,2361,5,-134.40,135.13,1108.15,-281.37,-59.81,33.57,-28.03,48.29,-31.41,-1.22,-1.25,0.21,-0.21
0,2373,6,108.64,-186.77,1106.08,314.33,128.17,-51.27,24.04,10.57,-28.50,-1.41,-1.17,-0.03,-0.28
1,2387,7,113.65,-150.27,1116.58,363.77,135.50,10.99,20.34,-1.67,-29.16,-1.38,-0.96,-0.25,-0.36
2,2404,6,-117.80,140.50,1059.45,-311.28,-101.32,29.30,-28.76,47.72,-30.33,-1.23,-1.17,0.05,-0.32
0,2418,6,91.67,-186.04,1054.93,338.13,172.73,-53.71,24.82,11.95,-28.94,-1.41,-1.08,-0.08,-0.30
1,2432,6,103.88,-159.30,1047.49,386.96,175.78,12.82,20.78,-0.94,-28.53,-1.42,-0.89,-0.24,-0.32
2,2446,6,-121.83,126.46,1003.54,-339.97,-123.90,38.45,-28.43,46.47,-31.16,-1.25,-1.06,0.10,-0.25
0,2459,6,88.87,-205.32,951.66,393.68,180.66,-21.36,24.54,12.85,-29.30,-1.51,-1.00,-0.04,-0.25
1,2476,6,140.26,-159.06,910.77,446.17,151.37,56.15,20.95,1.11,-28.56,-1.41,-0.67,-0.41,-0.38
2,2490,6,-152.47,157.71,1015.38,-385.13,-68.36,81.79,-29.20,45.58,-30.80,-1.19,-0.86,0.13,-0.18
0,2503,6,129.39,-187.50,841.43,374.76,15.26,-17.09,24.94,14.40,-29.52,-1.50,-0.85,-0.46,-0.53
1,2518,6,138.67,-166.26,890.63,397.95,-47.61,40.89,21.23,2.04,-29.11,-1.63,-0.74,-1.10,-0.96
2,2531,6,-145.39,136.23,906.98,-347.90,119.63,68.97,-28.99,44.02,-30.51,-1.36,-0.89,-0.24,-0.47
0,2548,6,116.70,-225.83,864.26,386.35,-73.85,6.10,25.57,16.33,-29.22,-1.69,-0.85,-0.86,-0.92
1,2562,5,141.72,-187.38,852.42,436.40,-77.51,80.57,21.23,2.04,-29.11,-1.93,-0.81,-1.53,-1.38
2,2574,6,-154.66,169.07,808.23,-389.40,132.45,108.64,-28.47,42.27,-31.04,-1.46,-0.89,-0.51,-0.80
0,2588,5,137.57,-223.51,794.80,418.09,-71.41,23.19,25.57,16.33,-29.22,-1.96,-0.99,-1.23,-1.27
1,2600,7,156.98,-207.40,792.24,473.02,-74.46,79.35,21.04,3.63,-30.03,-2.25,-0.95,-1.99,-1.79
2,2615,5,-166.50,227.78,753.05,-404.05,121.46,97.66,-28.47,42.27,-31.04,-1.39,-0.82,-0.88,-1.17
0,2630,6,150.88,-271.97,703.00,401.00,-57.98,0.00,24.57,17.64,-29.68,-2.15,-1.03,-1.70,-1.72
1,2643,7,172.49,-262.21,720.46,405.27,-57.98,60.42,21.13,5.02,-30.11,-2.89,-1.29,-2.54,-2.27
2,2658,6,-186.16,230.47,689.09,-292.97,103.76,95.83,-28.23,41.14,-31.31,-1.76,-0.99,-1.22,-1.56
0,2671,6,158.81,-298.46,613.40,257.57,-40.89,17.70,23.95,18.40,-30.91,-3.12,-1.67,-2.11,-2.11
1,2685,7,163.70,-259.16,669.07,217.90,-40.28,78.74,20.75,6.25,-29.71,-4.11,-2.21,-2.91,-2.64
2,2702,6,-172.36,229.98,625.12,-93.99,83.62,96.44,-27.71,39.94,-31.19,-2.55,-1.60,-1.56,-1.92
0,2716,6,132.57,-303.34,606.57,66.53,0.61,23.80,23.73,19.90,-30.55,-4.15,-2.55,-2.23,-2.33
1,2729,7,152.47,-263.92,647.71,40.89,12.82,105.59,19.86,6.56,-30.59,-5.36,-3.34,-2.91,-2.76
2,2744,6,-163.82,214.60,629.76,55.54,33.57,135.50,-27.70,39.34,-32.31,-3.60,-2.51,-1.70,-2.14
0,2757,6,127.81,-260.25,576.54,-78.74,38.45,64.09,23.72,19.10,-30.05,-5.14,-3.54,-2.33,-2.51
1,2770,7,140.26,-202.64,611.57,-88.50,24.41,130.62,19.84,5.74,-31.76,-6.18,-4.33,-3.00,-2.92
2,2787,6,-145.87,181.88,638.92,157.47,47.00,142.82,-28.34,39.54,-32.26,-4.40,-3.42,-1.85,-2.33
0,2801,6,122.56,-235.96,583.50,-150.15,1.83,62.87,23.90,18.88,-31.15,-5.82,-4.43,-2.49,-2.72
1,2814,6,140.99,-205.69,622.19,-144.04,-32.35,133.06,19.84,5.74,-31.76,-6.87,-5.24,-3.20,-3.19
2,2828,5,-146.85,189.21,687.62,212.40,126.34,145.26,-28.34,39.54,-32.26,-5.06,-4.29,-2.01,-2.53
0,2840,5,112.43,-230.59,612.43,-191.04,-70.19,67.75,23.90,18.88,-31.15,-6.37,-5.25,-2.64,-2.95
1,2856,7,122.31,-210.33,672.73,-177.00,-108.64,142.21,19.85,5.66,-29.94,-7.42,-6.13,-3.31,-3.46
2,2870,6,-159.67,148.93,747.68,229.49,206.30,173.34,-27.94,40.37,-31.27,-5.81,-5.27,-1.98,-2.67
0,2884,6,99.61,-315.80,710.94,-220.34,-158.08,138.55,23.94,17.49,-29.93,-7.37,-6.39,-2.56,-3.12
1,2897,7,149.90,-308.84,782.35,-211.18,-198.36,258.79,19.69,4.87,-31.08,-8.63,-7.37,-3.34,-3.72
2,2912,6,-172.12,215.70,858.03,250.24,291.75,317.38,-27.19,41.75,-31.07,-6.72,-6.33,-1.96,-2.83
0,2928,6,107.79,-314.58,856.45,-214.84,-245.36,283.20,23.00,16.63,-30.07,-7.99,-7.35,-2.68,-3.45
1,2942,7,138.43,-277.95,940.92,-188.60,-258.79,354.61,18.68,3.23,-30.20,-8.83,-8.07,-3.39,-4.03
2,2956,6,-145.75,277.47,1022.34,250.24,334.47,378.42,-26.45,42.69,-31.26,-6.82,-6.96,-2.17,-3.19
0,2970,6,135.50,-257.45,977.17,-281.98,-271.61,279.54,22.06,15.03,-30.19,-7.74,-7.75,-2.90,-3.78
1,2984,7,111.82,-251.46,1146.97,-328.37,-315.55,285.64,17.63,2.25,-30.90,-8.49,-8.49,-3.49,-4.33
2,2998,9,-108.03,248.66,1191.89,421.75,393.68,274.05,-25.00,44.96,-31.82,-6.53,-7.26,-2.38,-3.50
0,3014,6,37.11,-285.28,1323.36,-424.80,-282.59,218.51,19.87,13.15,-30.46,-7.58,-8.26,-2.76,-3.94
1,3028,7,45.65,-230.35,1416.14,-385.74,-209.35,294.19,16.02,-0.40,-31.12,-8.19,-8.92,-2.97,-4.20
2,3043,6,-47.97,183.35,1276.00,413.21,209.96,317.99,-24.12,46.80,-32.06,-6.51,-7.82,-2.34,-3.72
0,3056,5,14.53,-198.24,1451.42,-354.61,-66.53,248.41,19.87,13.15,-30.46,-7.03,-8.35,-2.29,-3.73
1,3069,6,14.04,-159.91,1523.80,-289.31,-13.43,319.82,16.02,-0.40,-31.12,-7.30,-8.71,-2.19,-3.67
2,3085,5,-28.44,76.29,1334.72,267.94,6.71,352.78,-24.12,46.80,-32.06,-6.17,-7.95,-1.94,-3.52
0,3098,6,1.46,-153.81,1516.36,-148.93,151.37,307.01,19.20,11.55,-30.91,-6.33,-8.16,-1.61,-3.23
1,3111,7,40.53,-80.32,1417.24,-58.59,160.52,372.92,15.39,-2.11,-30.42,-6.19,-8.14,-1.41,-3.00
2,3126,6,-52.73,135.99,1558.23,91.55,-45.78,368.65,-24.00,47.49,-32.30,-5.29,-7.60,-1.23,-2.91
0,3139,6,65.43,-111.82,1355.47,-67.14,2.44,245.97,19.21,10.52,-29.82,-5.34,-7.66,-1.34,-2.94
1,3155,7,48.58,-73.49,1406.74,-11.60,-85.45,278.93,15.36,-2.98,-30.35,-5.19,-7.60,-1.51,-3.09
2,3170,6,-54.44,45.29,1317.87,-1.22,162.96,289.92,-23.99,48.49,-32.04,-4.69,-7.31,-1.03,-2.70
0,3183,6,33.57,-88.87,1386.35,113.53,-73.85,216.67,18.80,10.69,-30.19,-4.48,-7.09,-1.15,-2.78
1,3197,7,49.32,-56.15,1326.42,260.01,-29.30,274.05,15.11,-3.37,-29.50,-4.00,-6.64,-1.26,-2.83
2,3211,6,-67.26,56.27,1038.09,-281.98,39.67,297.85,-22.73,48.16,-32.15,-3.86,-6.71,-0.86,-2.56
0,3225,8,54.69,-58.84,1120.73,386.35,94.60,200.20,17.80,11.25,-30.30,-3.31,-6.12,-0.87,-2.48
1,3241,7,67.50,-34.06,1064.33,475.46,158.69,242.31,14.70,-1.42,-30.93,-2.47,-5.27,-0.82,-2.31
2,3255,6,-78.00,59.08,870.73,-426.64,-133.06,259.40,-22.69,46.74,-31.64,-2.58,-5.54,-0.58,-2.23
0,3269,6,70.31,-36.87,776.25,444.95,211.79,148.93,18.32,12.89,-30.15,-2.01,-4.90,-0.63,-2.09
1,3282,7,70.07,-7.45,758.18,468.14,205.08,192.26,14.90,-0.29,-30.83,-1.31,-4.17,-0.69,-1.97
2,3297,6,-59.94,31.01,739.50,-368.04,-111.69,182.50,-22.60,45.30,-32.42,-1.52,-4.45,-0.46,-1.90
0,3313,5,30.27,-3.54,574.34,338.13,131.84,67.75,18.32,12.89,-30.15,-0.95,-3.84,-0.45,-1.77
1,3325,6,26.12,33.69,603.03,347.29,111.08,115.97,14.90,-0.29,-30.83,-0.26,-3.19,-0.46,-1.69
2,3339,5,-28.56,-46.75,590.45,-247.80,-45.78,120.24,-22.60,45.30,-32.42,-0.84,-3.59,-0.29,-1.60
0,3351,6,1.95,57.50,499.39,251.46,101.93,28.08,18.88,13.26,-30.83,-0.00,-2.91,-0.15,-1.44
1,3364,7,2.81,104.74,508.30,236.82,55.54,57.37,15.36,0.78,-31.86,1.11,-2.08,-0.09,-1.35
2,3381,6,0.24,-66.53,617.55,-122.07,61.04,34.18,-23.66,44.04,-31.99,0.42,-2.47,0.00,-1.24
0,3395,6,-2.56,42.72,495.85,118.41,-26.25,-62.26,19.07,14.69,-30.55,0.88,-2.06,-0.01,-1.24
1,3408,7,35.16,6.35,572.51,93.99,-75.68,0.00,15.82,1.64,-31.53,0.99,-1.86,-0.35,-1.45
2,3422,6,-64.21,-34.91,646.48,-23.19,151.98,26.25,-23.14,43.57,-33.17,0.67,-1.97,0.26,-1.00
0,3435,6,68.48,-15.01,533.94,-12.82,-130.00,-53.10,19.07,15.36,-31.20,0.49,-2.00,-0.43,-1.44
1,3449,7,83.01,2.08,630.74,-35.40,-171.51,-2.44,15.16,1.72,-31.82,0.43,-2.00,-1.15,-1.92
2,3466,6,-105.35,128.54,841.43,209.96,310.67,-36.62,-22.94,43.26,-32.47,1.33,-1.29,-0.10,-1.12
0,3479,6,118.16,-111.33,711.43,-332.03,-294.19,-169.07,17.53,14.73,-31.90,0.18,-2.05,-1.12,-1.85
1,3493,7,123.78,-98.75,833.98,-369.26,-330.20,-125.12,14.34,1.45,-31.26,-0.78,-2.75,-2.06,-2.57
2,3508,6,-139.16,91.31,887.08,494.38,411.38,-125.12,-21.73,45.21,-33.17,0.32,-1.79,-0.76,-1.62
0,3521,6,94.73,-166.14,998.78,-508.42,-301.51,-182.50,16.75,12.65,-31.57,-1.01,-2.78,-1.47,-2.19
1,3537,7,136.11,-135.25,1066.53,-474.85,-238.65,-58.59,13.37,-0.77,-31.52,-2.19,-3.75,-2.24,-2.80
2,3552,5,-156.86,30.27,964.36,499.88,271.61,-34.79,-21.73,45.21,-33.17,-1.31,-2.95,-1.12,-2.02
0,3565,5,135.50,-126.22,1104.86,-426.03,-126.34,-76.90,16.75,12.65,-31.57,-2.18,-3.63,-1.67,-2.39
1,3577,5,167.24,-103.03,1125.85,-388.18,-133.06,-7.32,13.37,-0.77,-31.52,-2.86,-4.20,-2.30,-2.81
2,3591,6,-179.08,98.51,1211.91,439.45,220.95,4.88,-21.73,46.78,-32.24,-1.76,-3.31,-1.27,-2.11
0,3604,6,159.91,-100.46,1135.99,-439.45,-155.64,-70.19,16.72,10.96,-30.13,-2.56,-3.98,-1.94,-2.57
1,3621,7,139.89,-22.09,1237.55,-463.87,-180.66,-25.02,12.65,-2.71,-31.53,-3.17,-4.65,-2.54,-3.04
2,3635,6,-113.65,23.07,1188.48,533.45,230.10,-35.40,-21.24,47.97,-32.39,-2.18,-3.74,-1.68,-2.43
0,3649,6,90.45,-8.42,1285.89,-509.03,-124.51,-120.85,16.04,9.24,-30.32,-2.71,-4.31,-2.00,-2.68
1,3662,6,79.10,42.72,1322.88,-442.50,-65.92,-62.87,11.93,-4.90,-31.60,-2.96,-4.68,-2.19,-2.82
2,3677,6,-77.76,-74.22,1093.26,431.52,39.06,-57.98,-21.28,50.40,-32.15,-2.47,-4.09,-1.70,-2.53
0,3693,6,58.23,31.86,1287.72,-363.16,145.87,-128.78,15.65,7.69,-28.86,-2.76,-4.48,-1.54,-2.33
1,3706,7,68.12,75.20,1177.12,-256.35,169.07,-62.87,11.98,-5.75,-29.59,-2.64,-4.51,-1.44,-2.16
2,3721,6,-75.93,-64.82,1083.62,245.36,-128.17,-65.92,-22.39,51.03,-30.59,-2.38,-4.16,-1.23,-2.11
0,3735,6,51.15,-0.61,1063.48,-169.07,191.65,-145.87,15.97,6.03,-29.39,-2.43,-4.23,-1.09,-1.90
1,3748,7,59.69,-26.37,984.99,-65.92,140.38,-73.24,13.27,-7.17,-28.89,-2.45,-4.22,-1.07,-1.80
2,3765,6,-78.86,24.05,997.56,65.31,-47.61,-42.11,-23.19,51.97,-30.13,-2.09,-3.91,-0.76,-1.65
0,3779,6,30.88,-159.06,897.83,-28.69,85.45,-105.59,17.10,6.10,-28.17,-2.68,-4.18,-0.73,-1.57
1,3792,7,36.74,-176.39,901.98,22.58,25.63,-19.53,13.50,-6.97,-28.45,-3.24,-4.43,-0.81,-1.58
2,3806,5,-31.62,155.52,868.29,18.92,37.84,15.26,-23.19,51.97,-30.13,-2.28,-3.85,-0.56,-1.41
0,3819,5,-22.22,-287.23,905.88,-15.26,41.50,-45.78,17.10,6.10,-28.17,-3.37,-4.40,-0.38,-1.26
1,3831,5,5.62,-306.76,960.21,-8.54,65.31,43.33,13.50,-6.97,-28.45,-4.38,-4.93,-0.30,-1.16
2,3847,6,-29.79,267.94,908.33,107.42,-48.83,89.72,-23.16,51.84,-30.88,-2.76,-3.95,-0.23,-1.14
0,3861,6,-16.48,-415.04,896.36,-154.42,142.82,67.14,17.41,5.73,-29.14,-4.51,-4.97,0.04,-0.88
1,3874,6,22.22,-382.08,978.27,-164.18,123.29,163.57,13.92,-7.53,-29.31,-5.89,-5.83,0.11,-0.74
2,3889,6,-54.08,253.66,1012.33,239.87,-41.50,222.78,-24.02,52.26,-29.91,-4.19,-4.77,0.26,-0.67
0,3902,6,-15.50,-414.79,1066.04,-176.39,116.58,230.10,17.38,4.69,-28.44,-5.61,-5.65,0.44,-0.47
1,3918,6,62.87,-348.02,1123.66,-117.80,119.02,339.97,14.17,-8.31,-28.97,-6.60,-6.31,0.38,-0.39
2,3933,6,-87.16,281.13,1135.13,114.14,-52.49,396.73,-24.00,52.84,-28.80,-5.02,-5.40,0.59,-0.29
0,3946,6,79.83,-253.78,1172.24,6.10,83.62,310.06,17.47,4.08,-27.98,-5.52,-5.68,0.38,-0.32
1,3960,6,84.84,-214.60,1175.66,100.71,38.45,347.90,13.96,-8.85,-28.04,-5.73,-5.75,0.12,-0.43
2,3974,6,-106.57,174.93,1229.13,-142.82,60.42,363.16,-22.96,52.94,-29.86,-4.94,-5.42,0.53,-0.15
0,3988,6,69.82,-221.92,1232.42,239.26,-26.86,289.31,16.86,4.97,-28.08,-5.00,-5.30,0.24,-0.31
1,4004,7,88.38,-109.50,1254.27,322.88,-85.45,366.21,13.01,-7.52,-28.72,-4.51,-4.80,-0.19,-0.61
2,4018,5,-70.80,118.41,1308.23,-271.61,191.04,380.86,-22.96,52.94,-29.86,-4.15,-4.77,0.27,-0.24
0,4031,5,61.16,-58.84,1283.45,297.24,-148.32,266.11,16.86,4.97,-28.08,-3.69,-4.33,-0.12,-0.53
1,4043,6,31.74,-5.62,1311.65,379.64,-143.43,282.59,11.63,-6.25,-29.33,-2.96,-3.68,-0.39,-0.76
2,4058,6,-11.84,-75.81,1190.06,-358.28,177.00,305.18,-21.89,51.66,-29.15,-3.47,-4.17,-0.10,-0.49
0,4074,6,-28.08,81.42,1248.66,386.35,-74.46,219.73,15.33,5.53,-28.81,-2.37,-3.26,-0.12,-0.55
1,4088,5,-35.89,141.85,1254.76,390.63,-35.40,272.83,11.63,-6.25,-29.33,-1.29,-2.41,-0.04,-0.52
2,4101,6,50.54,-262.45,1122.07,-331.42,73.85,317.38,-20.30,50.73,-28.98,-2.55,-3.27,-0.12,-0.51
0,4115,6,-136.11,168.46,1210.94,363.16,12.21,259.40,14.59,6.85,-30.30,-1.35,-2.36,0.35,-0.24
1,4128,6,-99.61,201.78,1193.12,438.84,59.20,360.72,10.94,-5.22,-29.68,-0.02,-1.32,0.73,0.02
2,4145,6,53.96,-328.98,943.73,-496.22,-111.08,490.72,-19.14,49.91,-30.51,-2.12,-2.79,0.30,-0.28
0,4159,6,-94.36,261.72,1044.68,579.22,217.90,438.23,14.21,8.63,-29.35,-0.24,-1.38,0.91,0.21
1,4172,6,-60.79,321.17,992.68,643.31,249.63,501.10,10.45,-3.88,-31.29,1.85,0.22,1.39,0.65
2,4186,6,30.40,-249.63,961.43,-580.44,-194.70,495.61,-19.32,47.24,-31.09,-0.03,-1.10,0.93,0.30
0,4200,6,5.13,297.49,754.03,564.58,213.01,356.45,14.26,10.10,-31.16,2.20,0.53,1.11,0.56
1,4213,6,10.25,291.14,771.36,545.04,141.60,361.94,10.39,-2.33,-31.37,4.18,2.03,1.16,0.69
2,4230,6,-14.04,-224.49,905.15,-401.61,47.61,338.75,-19.01,45.41,-31.91,2.30,0.81,1.21,0.77
0,4244,6,10.50,254.15,696.41,364.99,-61.04,218.51,14.71,12.66,-31.19,4.01,2.06,0.99,0.62
1,4257,6,3.91,277.83,761.96,353.39,-96.44,252.69,10.46,-0.43,-31.82,5.58,3.24,0.78,0.45
2,4271,5,-9.28,-226.68,721.56,-273.44,164.79,256.96,-19.01,45.41,-31.91,3.65,2.15,0.97,0.66
0,4283,5,19.04,246.70,684.08,261.23,-89.11,139.77,14.71,12.66,-31.19,5.09,3.17,0.69,0.46
1,4298,6,17.58,251.34,696.66,225.83,-86.06,140.99,9.56,0.11,-32.09,6.46,4.21,0.42,0.25
2,4313,6,-20.26,-170.04,703.61,-130.62,148.32,129.39,-18.33,44.81,-32.06,4.89,3.40,0.69,0.49
0,4326,6,20.87,175.42,629.88,93.38,-86.06,12.82,13.32,13.44,-31.43,5.76,4.02,0.40,0.28
1,4339,5,28.44,185.30,665.77,77.51,-89.72,58.59,9.56,0.11,-32.09,6.54,4.60,0.10,0.06
2,4352,6,-38.57,-162.84,669.07,17.70,156.86,53.71,-17.63,44.02,-32.45,5.14,3.97,0.52,0.37
0,4366,6,25.76,148.68,581.67,-43.95,-98.88,-43.33,12.79,14.03,-31.92,5.73,4.34,0.18,0.13
1,4382,6,29.30,161.62,636.84,-52.49,-127.56,6.71,9.47,1.00,-31.91,6.25,4.69,-0.20,-0.19
2,4396,6,-50.42,-167.11,684.08,144.65,217.29,3.05,-17.80,44.06,-32.82,5.03,4.22,0.37,0.25
0,4422,8,26.12,88.01,663.94,-210.57,-139.77,-44.56,12.34,13.49,-31.91,4.69,3.89,-0.15,-0.22
1,4438,6,54.20,161.13,777.83,-311.89,-125.12,39.67,9.66,0.52,-33.03,4.72,3.77,-0.60,-0.57
2,4451,6,-47.85,-106.69,810.91,410.77,186.16,36.01,-17.08,44.51,-33.24,4.38,3.90,-0.09,-0.18
0,4465,6,56.27,163.45,749.02,-455.93,-116.58,-73.85,12.05,12.70,-31.12,4.36,3.68,-0.53,-0.50
1,4482,6,53.10,165.04,880.62,-488.28,-161.13,-60.42,8.65,-1.25,-31.15,4.05,3.23,-0.97,-0.88
2,4495,6,-63.84,-161.50,865.11,536.50,239.26,-66.53,-17.43,46.94,-31.82,3.71,3.43,-0.31,-0.38
0,4509,6,55.66,172.24,924.68,-514.53,-133.67,-150.15,11.35,10.36,-30.47,3.53,3.08,-0.70,-0.69
1,4523,6,48.71,234.50,977.78,-510.86,-132.45,-100.71,8.23,-2.76,-31.91,3.57,2.86,-1.01,-0.96
2,4537,6,-29.42,-113.04,1039.92,589.60,204.47,-180.05,-17.13,49.61,-30.77,3.64,3.33,-0.57,-0.60
0,4553,6,52.73,234.62,963.87,-587.16,-156.86,-334.47,11.22,8.03,-29.54,3.44,2.85,-0.98,-0.96
1,4567,6,25.15,228.64,1021.97,-572.51,-283.81,-343.02,7.79,-4.91,-29.94,3.35,2.53,-1.37,-1.36
2,4581,5,-19.17,-162.23,1144.29,593.87,384.52,-362.55,-17.13,49.61,-30.77,3.25,2.89,-0.75,-0.81
0,4593,5,-9.77,215.33,1058.84,-546.26,-367.43,-469.36,11.22,8.03,-29.54,3.18,2.60,-1.10,-1.22
1,4606,7,-39.31,228.27,1119.63,-529.79,-444.95,-428.47,7.06,-7.25,-30.66,3.08,2.31,-1.46,-1.70
2,4620,9,40.65,-136.47,1170.04,582.89,562.74,-485.23,-16.92,51.78,-28.82,3.15,2.79,-0.77,-0.97
0,4637,6,-121.34,150.27,1251.22,-556.03,-487.06,-587.77,10.45,5.88,-29.38,2.55,2.13,-1.08,-1.50
1,4651,6,-145.26,149.29,1360.84,-528.56,-453.49,-517.58,6.93,-9.31,-28.81,2.13,1.64,-1.17,-1.82
2,4665,6,142.09,-133.67,1065.80,573.73,391.24,-520.02,-15.80,54.80,-28.66,2.22,2.12,-1.11,-1.52
0,4678,6,-219.60,62.26,1383.67,-552.98,-137.33,-584.72,9.95,3.75,-27.71,1.53,1.46,-0.58,-1.30
1,4692,6,-186.52,39.55,1382.93,-532.84,-6.71,-468.75,6.93,-9.31,-28.81,0.91,0.87,-0.01,-0.95
2,4708,6,128.42,-160.03,1105.10,568.85,-73.24,-416.87,-16.11,57.35,-27.21,1.14,1.48,-0.58,-1.28
0,4722,6,-191.04,-52.00,1240.84,-503.54,238.65,-414.43,11.06,1.56,-27.14,0.25,0.71,0.38,-0.57
1,4736,6,-109.13,-56.64,1209.96,-443.12,241.70,-264.89,7.90,-11.73,-27.22,-0.52,0.04,1.02,-0.02
2,4750,6,55.79,-65.06,1205.08,461.43,-169.68,-189.21,-17.40,59.03,-25.34,-0.11,0.58,0.55,-0.34
0,4763,6,-110.96,-93.51,1162.84,-412.60,223.39,-203.25,13.05,-0.22,-26.34,-0.95,-0.13,1.18,0.19
1,4780,6,-49.44,-71.17,1184.94,-395.51,182.50,-97.66,9.11,-13.56,-27.11,-1.74,-0.84,1.54,0.58
2,4794,5,32.35,15.75,1213.26,468.14,-92.16,-77.51,-17.40,59.03,-25.34,-1.01,-0.17,1.22,0.40
0,4806,6,-69.82,-107.06,1167.85,-440.06,145.87,-125.73,13.37,-1.67,-23.41,-1.87,-0.90,1.56,0.72
1,4820,7,-52.37,-79.71,1207.03,-387.57,121.46,-40.28,9.79,-14.47,-24.90,-2.50,-1.49,1.78,0.97
2,4834,6,38.33,8.91,1149.41,375.37,-62.87,-8.54,-18.53,60.40,-24.30,-1.81,-0.88,1.44,0.78
0,4847,5,-71.66,-117.07,1219.73,-302.73,142.21,-64.09,13.37,-1.67,-23.41,-2.42,-1.38,1.74,1.07
1,4864,6,-43.09,-83.98,1169.31,-183.72,136.72,17.09,10.69,-15.17,-24.35,-2.82,-1.74,1.98,1.34
2,4877,6,27.83,86.91,1121.09,110.47,-73.24,26.86,-19.26,61.63,-22.89,-2.18,-1.32,1.64,1.15
0,4891,6,-33.08,-147.22,1110.23,-56.15,131.23,-52.49,13.93,-2.89,-23.58,-2.62,-1.60,1.81,1.36
1,4904,7,-11.35,-130.62,1058.72,28.08,87.89,12.21,10.88,-15.66,-24.65,-2.90,-1.73,1.84,1.46
2,4918,6,-3.66,102.29,1095.70,-40.89,12.21,34.79,-19.48,62.16,-23.13,-2.37,-1.48,1.74,1.44
0,4934,7,-14.28,-180.18,1019.29,137.94,-7.32,-36.62,14.16,-3.19,-23.55,-2.70,-1.55,1.66,1.42
1,4948,6,13.18,-144.41,1007.32,218.51,-49.44,38.45,10.88,-15.66,-24.65,-2.82,-1.51,1.44,1.28
2,4961,6,-15.87,123.17,1029.17,-181.88,131.84,64.70,-19.52,60.97,-23.40,-2.38,-1.40,1.57,1.45
0,4975,6,-10.99,-149.17,1000.00,180.66,-75.07,-21.97,13.48,-2.72,-23.62,-2.57,-1.40,1.40,1.33
1,4988,7,-5.25,-95.58,1060.67,178.22,-61.04,43.33,10.69,-15.00,-24.98,-2.53,-1.29,1.25,1.22
2,5003,8,4.88,60.42,998.17,-89.72,93.99,61.04,-18.95,60.62,-23.45,-2.22,-1.19,1.26,1.30
0,5019,6,-32.10,-84.72,1019.65,74.46,9.16,-19.53,14.01,-2.03,-24.58,-2.29,-1.18,1.31,1.34
1,5032,7,-20.26,-26.73,1043.95,87.89,18.92,56.76,10.06,-14.60,-24.54,-2.12,-1.05,1.32,1.36
2,5046,5,2.32,-75.32,1010.13,-40.89,31.13,93.38,-18.95,60.62,-23.45,-2.32,-1.20,1.26,1.35
0,5059,5,-58.84,-32.47,1036.25,97.66,37.23,59.20,14.01,-2.03,-24.58,-2.17,-1.08,1.44,1.48
1,5071,7,-21.00,30.27,1042.97,142.82,30.52,139.16,10.34,-14.31,-25.00,-1.72,-0.76,1.46,1.51
2,5088,6,-0.12,-93.02,1041.38,-133.06,42.72,193.48,-18.73,59.77,-23.30,-2.16,-1.11,1.42,1.53
0,5101,7,-21.48,36.38,1011.72,174.56,-6.10,116.58,13.02,-1.82,-25.35,-1.64,-0.73,1.40,1.52
1,5115,7,-9.89,67.50,1044.80,222.78,-19.53,177.61,10.24,-13.92,-26.32,-0.98,-0.24,1.32,1.47
2,5129,6,-2.08,-132.57,993.77,-195.31,69.58,225.83,-17.55,59.05,-24.18,-1.69,-0.76,1.32,1.51
0,5143,6,-46.88,32.47,1067.99,219.73,15.26,158.08,13.24,-1.65,-25.12,-1.17,-0.35,1.42,1.58
1,5156,7,-9.52,62.87,1095.58,241.09,62.87,252.08,9.29,-12.92,-24.89,-0.56,0.14,1.44,1.63
2,5181,6,-12.94,-102.78,1002.08,-171.51,-80.57,317.38,-17.02,58.07,-25.22,-1.31,-0.45,1.21,1.41
0,5194,6,-19.78,48.34,1062.87,187.99,170.90,238.65,12.74,-0.37,-25.34,-0.80,-0.06,1.42,1.63
1,5209,6,6.35,70.56,1113.28,200.81,211.18,308.84,9.13,-12.51,-26.72,-0.23,0.38,1.56,1.84
2,5222,6,-31.25,-122.92,1033.08,-140.38,-175.17,346.68,-17.55,57.53,-26.04,-0.87,-0.06,1.35,1.61
0,5236,6,8.54,73.49,1053.83,155.64,274.05,285.64,11.99,1.01,-25.59,-0.33,0.33,1.58,1.90
1,5253,5,33.57,127.81,1066.77,178.83,263.67,345.46,9.13,-12.51,-26.72,0.43,0.87,1.71,2.14
2,5265,6,-47.97,-116.09,1103.76,-134.28,-181.27,363.77,-16.99,56.90,-26.57,-0.19,0.46,1.54,1.92
0,5278,6,24.29,117.80,1064.58,190.43,206.30,262.45,12.24,0.66,-25.77,0.51,0.96,1.60,2.07
1,5293,6,28.20,143.68,1083.86,253.30,170.90,307.62,9.41,-12.07,-25.95,1.32,1.58,1.60,2.15
2,5306,5,-47.49,-171.26,1084.96,-227.05,-101.32,339.97,-16.99,56.90,-26.57,0.33,0.92,1.55,2.04
0,5318,6,3.42,98.14,1107.79,277.71,160.52,269.78,12.27,1.50,-26.60,1.02,1.48,1.63,2.17
1,5335,6,27.47,124.63,1117.43,348.51,152.59,347.90,9.56,-11.01,-27.05,1.92,2.25,1.65,2.26
2,5349,6,-46.39,-116.21,1073.97,-319.82,-93.99,375.98,-17.25,56.18,-25.88,0.95,1.53,1.59,2.14
0,5362,5,19.78,69.70,1095.95,353.39,169.07,290.53,12.27,1.50,-26.60,1.56,2.07,1.61,2.22
1,5374,7,36.99,86.67,1115.60,390.01,174.56,344.85,8.46,-9.92,-27.87,2.25,2.69,1.58,2.28
2,5389,6,-57.13,-78.12,1083.98,-324.71,-131.23,372.31,-16.63,54.41,-26.78,1.39,2.03,1.51,2.13
0,5405,6,40.28,65.19,1036.99,328.37,194.70,279.54,11.77,3.13,-27.11,2.05,2.65,1.55,2.26
1,5419,6,46.51,93.75,1071.17,319.82,178.83,317.38,9.20,-9.07,-28.48,2.66,3.18,1.50,2.30
2,5432,6,-53.34,-86.30,1089.97,-226.44,-92.77,325.93,-16.71,53.65,-29.37,1.88,2.61,1.47,2.19
0,5446,6,30.64,64.70,1024.78,233.76,144.65,234.99,12.32,3.86,-28.28,2.30,2.98,1.43,2.21
1,5459,6,39.06,92.65,1047.49,249.63,117.80,285.03,9.20,-9.07,-28.48,2.78,3.38,1.32,2.17
2,5472,6,-44.80,-90.82,1082.40,-192.87,-48.22,307.01,-16.85,52.69,-28.58,2.00,2.84,1.33,2.10
0,5488,6,22.58,51.15,1024.78,205.69,72.02,214.23,11.19,5.00,-27.66,2.38,3.19,1.26,2.06
1,5502,7,29.42,65.06,1076.90,222.17,52.49,267.33,8.96,-8.17,-29.43,2.73,3.51,1.13,1.97
2,5516,5,-37.60,-92.65,1002.69,-172.73,2.44,293.58,-16.85,52.69,-28.58,1.97,2.98,1.20,1.96
0,5528,6,-0.73,27.71,1081.18,225.83,109.86,225.22,11.99,5.25,-29.08,2.22,3.23,1.26,2.01
1,5541,7,5.37,63.48,1083.25,277.10,137.33,288.09,8.11,-8.03,-30.21,2.65,3.61,1.33,2.08
2,5556,6,-16.97,-99.37,905.15,-280.15,-140.99,327.15,-16.50,52.14,-28.82,1.68,2.88,1.13,1.84
0,5572,5,-26.37,39.67,1029.17,372.92,275.27,256.96,11.99,5.25,-29.08,2.25,3.42,1.55,2.21
1,5584,7,-1.59,49.19,992.07,420.53,293.58,314.94,8.62,-6.56,-30.11,2.82,3.96,1.82,2.49
2,5598,6,-25.39,-25.02,961.91,-370.48,-249.02,350.34,-17.38,50.78,-30.11,2.06,3.28,1.48,2.10
0,5612,6,3.42,-0.61,867.07,384.52,300.29,259.40,11.46,6.85,-29.25,2.40,3.66,1.75,2.38
1,5625,7,15.75,6.96,888.18,368.65,242.31,296.63,8.97,-5.21,-30.92,2.73,4.02,1.86,2.54
2,5642,6,-25.76,12.57,994.14,-260.62,-125.73,309.45,-16.96,49.76,-30.10,2.19,3.49,1.64,2.27
0,5655,6,2.32,-50.66,828.86,235.60,145.26,217.90,12.28,8.03,-29.71,2.09,3.53,1.70,2.34
1,5668,7,15.50,-33.33,911.50,184.94,87.28,279.54,8.69,-4.15,-30.36,2.03,3.55,1.62,2.30
2,5683,6,-23.07,0.98,932.01,-80.57,-3.05,302.12,-17.52,49.54,-30.69,1.79,3.30,1.61,2.23
0,5696,6,-16.85,-55.79,921.02,77.51,65.31,222.78,12.59,8.63,-29.86,1.52,3.14,1.65,2.23
1,5709,5,-0.12,-27.34,970.46,93.99,69.58,290.53,8.69,-4.15,-30.36,1.41,3.06,1.61,2.20
2,5725,5,-15.50,-25.76,866.58,-61.04,-61.65,339.36,-17.52,49.54,-30.69,1.11,2.77,1.49,2.03
0,5737,6,-17.82,-55.66,980.83,116.58,172.12,272.22,12.29,8.69,-30.96,0.95,2.68,1.67,2.18
1,5751,6,14.28,-17.09,971.44,166.02,198.97,335.08,9.42,-3.92,-30.48,1.02,2.73,1.75,2.29
2,5765,6,-45.90,32.71,861.57,-150.76,-174.56,356.45,-17.37,49.07,-31.46,0.91,2.50,1.62,2.06
0,5778,5,35.28,-66.28,902.47,205.69,265.50,265.50,12.29,8.69,-30.96,0.80,2.47,1.66,2.18
1,5790,6,65.67,-70.07,877.08,258.79,264.28,308.84,8.87,-3.71,-31.41,0.75,2.51,1.58,2.24
2,5807,6,-93.99,99.98,941.53,-216.06,-171.51,327.15,-17.59,48.46,-31.95,0.79,2.28,1.61,2.06
0,5821,6,88.87,-140.01,782.71,241.09,183.72,231.32,13.04,9.47,-30.31,0.33,2.09,1.28,1.94
1,5834,6,108.03,-169.80,831.67,247.80,68.97,271.00,9.61,-3.06,-30.29,-0.19,1.86,0.77,1.63
2,5848,6,-120.85,161.25,959.72,-175.17,65.92,293.58,-17.33,47.68,-32.18,0.27,1.89,1.29,1.88
0,5862,6,68.24,-243.16,880.74,186.77,-50.05,222.78,13.00,10.60,-30.98,-0.59,1.44,0.84,1.53
1,5878,6,90.21,-196.29,972.66,200.20,-68.97,311.89,8.87,-2.47,-30.87,-1.04,1.20,0.31,1.10
2,5892,6,-102.54,135.25,943.24,-136.11,117.80,359.50,-16.82,46.75,-32.97,-0.57,1.24,0.87,1.40
0,5906,6,70.80,-181.64,989.38,136.11,-34.18,285.03,12.28,10.62,-31.27,-1.08,0.93,0.48,1.09
1,5919,6,80.44,-155.88,1058.23,148.32,-18.92,338.75,8.09,-1.38,-31.82,-1.41,0.71,0.13,0.81
2,5933,6,-92.65,130.13,952.88,-100.10,11.60,368.04,-16.83,46.74,-32.71,-0.89,0.79,0.52,0.95
0,5947,6,48.95,-162.11,1108.52,147.09,119.63,295.41,11.85,11.72,-31.30,-1.22,0.58,0.46,0.92
1,5963,5,69.46,-120.73,1115.48,192.87,164.18,362.55,8.09,-1.38,-31.82,-1.29,0.54,0.41,0.93
2,5976,5,-87.52,97.90,992.55,-167.85,-183.11,388.18,-16.83,46.74,-32.71,-1.00,0.48,0.52,0.81
0,5988,6,65.55,-134.40,1068.48,197.14,260.62,305.18,11.58,12.34,-32.30,-1.19,0.38,0.57,0.94
1,6002,6,86.43,-106.57,1062.01,245.97,289.31,362.55,8.47,-0.51,-31.79,-1.19,0.41,0.58,1.05
2,6016,6,-116.33,57.13,1019.90,-214.84,-236.82,398.56,-16.44,46.12,-32.98,-1.16,0.17,0.69,0.89
0,6032,5,76.54,-115.11,989.62,288.70,269.78,343.02,11.58,12.34,-32.30,-1.12,0.26,0.72,1.02
1,6045,6,102.78,-56.27,945.92,321.04,229.49,402.83,9.19,0.71,-31.80,-0.88,0.47,0.53,0.99
2,6059,6,-125.98,53.22,1102.78,-264.89,-98.88,429.08,-17.32,45.08,-32.29,-0.95,0.14,0.82,1.01
0,6072,6,89.60,-91.19,910.03,271.61,70.80,342.41,12.98,13.94,-31.71,-0.94,0.21,0.47,0.79
1,6086,6,94.24,-73.61,962.89,286.87,-23.19,399.78,9.22,1.65,-32.62,-0.82,0.33,0.01,0.45
2,6099,7,-100.59,15.14,991.33,-236.21,106.20,443.12,-17.32,44.01,-32.96,-1.00,-0.03,0.55,0.72
0,6116,6,40.53,-79.47,977.29,256.96,-48.83,379.64,12.81,14.75,-30.43,-0.86,0.11,0.27,0.45
1,6129,6,58.72,-55.05,1013.31,272.22,-28.08,453.49,8.75,2.54,-32.64,-0.67,0.27,-0.01,0.20
2,6144,6,-84.23,17.70,896.24,-210.57,61.04,497.44,-16.80,43.01,-33.22,-0.81,-0.05,0.44,0.41
0,6157,6,11.60,-103.88,1000.61,225.22,62.87,440.06,12.78,15.70,-32.21,-0.88,-0.06,0.44,0.39
1,6170,5,44.68,-79.47,1010.86,259.40,113.53,520.02,8.75,2.54,-32.64,-0.83,0.01,0.37,0.35
2,6183,8,-89.48,-33.57,825.32,-227.66,-140.38,615.23,-16.80,43.01,-33.22,-1.20,-0.43,0.61,0.35
0,6199,6,40.16,-52.37,858.03,266.11,253.30,565.80,12.52,16.14,-33.54,-0.95,-0.22,0.77,0.56
1,6212,6,81.30,-29.79,843.26,290.53,252.69,629.27,8.64,3.37,-32.75,-0.66,0.00,0.65,0.59
2,6225,7,-129.52,-1.22,885.13,-233.15,-144.04,680.54,-16.82,41.76,-34.34,-0.91,-0.39,1.01,0.63
0,6240,5,79.96,-54.57,752.20,249.02,187.99,599.98,12.52,16.14,-33.54,-0.84,-0.31,0.74,0.54
1,6252,6,109.74,-37.48,776.98,255.13,111.08,673.22,9.30,4.31,-32.67,-0.65,-0.16,0.27,0.29
2,6268,7,-166.63,-2.93,875.85,-187.99,-12.82,714.72,-17.52,41.52,-33.76,-0.91,-0.56,0.98,0.59
0,6283,6,116.94,-74.46,726.44,169.07,14.65,652.47,12.85,17.64,-31.88,-1.04,-0.64,0.29,0.17
1,6296,6,148.07,-47.12,825.81,116.58,-44.56,730.59,9.64,4.71,-32.02,-1.04,-0.68,-0.49,-0.36
2,6309,7,-198.85,-12.82,833.86,-46.39,123.90,773.93,-17.42,40.92,-33.62,-1.09,-0.84,0.64,0.25
0,6324,6,122.07,-43.33,860.84,51.27,-49.44,717.77,12.78,17.92,-32.56,-1.15,-0.95,-0.03,-0.20
1,6337,9,150.88,-9.28,906.86,66.53,-29.30,785.52,8.56,5.33,-33.57,-1.03,-0.94,-0.73,-0.67
2,6353,7,-194.70,-17.46,848.51,-20.14,53.71,827.64,-17.33,39.81,-33.58,-1.07,-1.10,0.31,-0.15
0,6368,6,152.71,39.92,823.85,33.57,25.02,732.42,12.18,17.81,-32.28,-0.76,-1.00,-0.42,-0.59
1,6381,6,153.56,50.90,842.53,47.61,1.22,761.11,8.42,4.86,-33.59,-0.40,-0.86,-1.11,-1.04
2,6394,6,-189.21,-53.71,918.21,-10.38,122.07,769.04,-17.33,39.81,-33.58,-0.62,-1.05,-0.08,-0.49
0,6408,6,113.77,-4.76,850.95,51.27,-102.54,697.63,11.46,17.71,-33.18,-0.53,-1.05,-0.73,-0.97
1,6424,5,142.70,14.40,852.78,97.05,-134.28,770.26,8.42,4.86,-33.59,-0.29,-0.93,-1.54,-1.59
2,6436,7,-206.91,-90.21,934.94,-84.84,267.33,841.06,-16.52,39.58,-34.51,-0.76,-1.31,-0.23,-0.79
0,6451,6,113.89,-4.27,860.23,108.64,-246.58,799.56,10.63,18.24,-32.21,-0.59,-1.22,-1.06,-1.45
1,6465,6,140.38,8.42,910.28,125.73,-269.78,871.58,7.69,4.43,-34.14,-0.35,-1.08,-1.94,-2.17
2,6478,6,-188.96,-51.51,894.78,-72.63,356.45,925.90,-16.15,39.16,-34.14,-0.65,-1.35,-0.52,-1.25
0,6495,5,111.82,17.09,908.69,88.50,-266.72,856.32,10.63,18.24,-32.21,-0.40,-1.23,-1.36,-1.96
1,6508,6,116.33,44.07,926.88,103.15,-262.45,902.10,5.97,5.46,-32.85,-0.05,-1.04,-2.10,-2.58
2,6521,7,-166.63,-41.50,941.41,-38.45,349.12,919.19,-14.83,39.21,-33.51,-0.27,-1.23,-0.81,-1.72
0,6536,6,81.67,-0.24,913.33,47.61,-277.71,836.18,8.68,18.90,-32.90,-0.19,-1.21,-1.47,-2.30
1,6549,6,100.10,5.74,1008.79,45.78,-264.28,927.12,4.83,5.92,-32.82,-0.10,-1.19,-2.10,-2.85
2,6562,6,-176.51,-133.54,912.11,-8.54,328.37,982.67,-13.72,38.31,-33.67,-0.68,-1.56,-0.77,-1.97
0,6580,6,58.59,35.03,965.45,10.99,-203.86,972.90,7.67,19.08,-33.18,-0.47,-1.51,-1.28,-2.44
1,6593,6,99.49,86.55,985.96,7.32,-197.75,1066.89,3.36,6.07,-33.58,-0.08,-1.34,-1.84,-2.90
2,6606,6,-173.46,-102.17,1023.07,60.42,296.63,1107.79,-13.00,37.95,-32.63,-0.40,-1.52,-0.67,-2.11
0,6621,6,83.86,88.99,995.24,-65.92,-219.73,1029.05,6.07,18.77,-32.59,-0.10,-1.44,-1.24,-2.57
1,6634,6,100.83,113.16,1052.12,-70.80,-214.84,1080.32,2.09,6.93,-32.86,0.25,-1.33,-1.81,-3.04
2,6650,6,-177.61,-131.10,1065.67,133.06,290.53,1110.23,-13.00,37.95,-32.63,-0.07,-1.45,-0.61,-2.20
0,6664,6,96.56,157.10,1026.98,-111.69,-214.84,1029.05,4.75,19.40,-32.30,0.40,-1.29,-1.21,-2.68
1,6678,5,95.70,182.98,1060.18,-90.33,-235.60,1060.18,2.09,6.93,-32.86,0.95,-1.05,-1.76,-3.12
2,6690,6,-173.34,-193.73,1071.78,113.53,336.30,1079.10,-11.77,37.01,-31.81,0.31,-1.33,-0.58,-2.28
0,6705,6,69.95,170.90,1148.68,-73.85,-238.04,1016.24,3.34,20.10,-31.59,0.79,-1.13,-1.09,-2.70
1,6718,6,88.50,205.32,1180.79,-40.28,-202.64,1071.17,0.70,7.54,-31.88,1.37,-0.84,-1.57,-3.09
2,6734,6,-163.33,-212.04,1091.31,66.53,238.65,1106.57,-10.46,37.12,-31.51,0.61,-1.21,-0.51,-2.34
0,6749,5,101.68,247.07,1163.21,-47.00,-115.36,1010.74,3.34,20.10,-31.59,1.35,-0.83,-0.95,-2.64
1,6761,6,102.54,262.21,1215.70,-37.84,-87.89,1032.71,-0.79,6.87,-32.84,2.06,-0.44,-1.33,-2.89
2,6775,6,-168.33,-240.97,1079.10,72.02,117.80,1039.43,-9.95,35.85,-31.62,1.12,-0.88,-0.48,-2.35
0,6789,6,104.61,238.16,1238.53,-13.43,41.50,950.93,2.05,20.94,-31.25,1.79,-0.51,-0.72,-2.44
1,6805,6,138.43,262.70,1182.74,57.37,95.21,991.82,-1.56,8.18,-31.71,2.63,0.01,-0.98,-2.51
2,6819,6,-197.88,-195.43,1132.08,-72.63,-43.33,1002.81,-11.23,35.11,-31.54,1.67,-0.51,-0.28,-2.15
0,6833,6,173.58,246.83,1093.02,161.74,86.06,870.36,2.19,21.52,-31.53,2.65,0.15,-0.77,-2.34
1,6847,6,175.29,226.81,1117.19,201.42,41.50,881.35,-1.50,9.27,-32.69,3.52,0.80,-1.27,-2.59
2,6860,5,-214.72,-176.76,1148.80,-164.79,58.59,889.28,-11.23,35.11,-31.54,2.47,0.19,-0.38,-2.06
0,6876,6,174.44,189.58,1137.82,219.12,-16.48,778.81,2.40,23.16,-32.08,3.30,0.84,-0.98,-2.40
1,6890,6,181.88,200.68,1129.15,277.10,-23.19,799.56,-0.85,10.62,-33.97,4.13,1.51,-1.58,-2.74
2,6903,6,-209.84,-117.92,1135.13,-257.57,106.81,804.44,-11.01,33.07,-32.28,3.09,0.84,-0.60,-2.15
0,6918,6,196.04,164.92,1085.82,295.41,-59.20,688.48,2.00,25.12,-31.63,3.86,1.49,-1.34,-2.59
1,6931,5,172.12,176.76,1113.77,327.15,-83.01,698.85,-0.85,10.62,-33.97,4.61,2.14,-1.95,-2.97
2,6944,6,-189.45,-111.33,1107.42,-258.79,162.35,677.49,-11.21,32.09,-32.41,3.55,1.46,-0.93,-2.33
0,6961,6,150.39,113.53,1118.65,269.78,-85.45,582.28,2.32,27.37,-31.62,4.13,2.01,-1.53,-2.73
1,6974,6,150.27,143.19,1132.69,294.19,-63.48,620.12,-1.25,12.48,-32.64,4.72,2.55,-2.03,-3.05
2,6988,6,-163.09,-62.99,1046.51,-251.46,98.27,614.62,-11.34,30.16,-33.15,3.83,1.95,-1.15,-2.52
0,7002,5,154.79,97.29,1075.93,280.15,-23.19,505.37,2.32,27.37,-31.62,4.25,2.38,-1.66,-2.81
1,7015,6,145.39,112.06,1076.05,316.77,-6.71,526.73,-2.01,14.71,-32.45,4.77,2.90,-2.09,-3.06
2,7031,6,-156.01,-69.95,1004.88,-269.78,48.83,516.97,-10.78,28.80,-34.33,3.75,2.16,-1.25,-2.59
0,7045,6,132.57,67.87,1022.71,290.53,31.13,416.87,2.23,28.47,-31.49,4.12,2.57,-1.64,-2.78
1,7059,6,140.01,77.76,1035.16,324.71,51.27,459.59,-1.72,15.98,-32.85,4.55,3.02,-2.00,-2.95
2,7072,6,-161.50,-72.39,961.18,-282.59,-6.10,487.06,-10.78,27.72,-35.36,3.57,2.33,-1.20,-2.53
0,7086,6,136.11,23.80,980.59,330.20,95.21,398.56,2.64,30.40,-33.07,3.84,2.68,-1.55,-2.66
1,7100,6,153.56,35.03,970.70,374.15,100.10,453.49,-0.74,17.37,-31.47,4.19,3.10,-1.94,-2.82
2,7116,5,-165.65,-13.18,958.37,-325.32,-34.79,480.96,-10.78,27.72,-35.36,3.37,2.42,-1.17,-2.45
0,7129,6,139.04,-39.43,914.92,339.36,79.35,383.91,2.97,32.14,-32.01,3.40,2.64,-1.59,-2.63
1,7143,6,153.32,-28.08,966.31,346.07,77.51,433.96,-0.45,19.06,-31.93,3.48,2.88,-2.01,-2.82
2,7156,6,-163.57,40.65,940.31,-257.57,-21.36,463.26,-10.89,26.17,-34.86,3.09,2.47,-1.21,-2.41
0,7171,6,140.99,-50.29,917.24,234.99,95.83,368.65,3.88,33.54,-32.08,2.95,2.52,-1.61,-2.57
1,7187,5,151.73,-49.68,983.89,194.09,136.11,401.00,-0.45,19.06,-31.93,2.82,2.53,-1.92,-2.67
2,7199,6,-170.65,37.84,904.91,-122.07,-97.05,427.25,-11.18,24.65,-35.08,2.64,2.31,-1.16,-2.33
0,7213,5,143.55,-86.43,938.23,139.77,187.38,346.07,3.88,33.54,-32.08,2.25,2.14,-1.46,-2.39
1,7226,6,164.06,-54.81,962.04,148.93,203.25,398.56,0.99,20.29,-31.30,2.05,2.07,-1.78,-2.45
2,7239,6,-182.86,67.14,974.12,-54.32,-141.60,399.17,-11.22,24.06,-35.75,2.11,2.00,-1.09,-2.19
0,7254,6,178.83,-62.74,926.03,54.32,208.13,300.29,4.69,33.53,-32.29,1.76,1.79,-1.51,-2.30
1,7270,6,189.82,-36.87,943.24,80.57,184.94,335.08,1.66,20.69,-31.42,1.61,1.68,-1.92,-2.42
2,7283,6,-211.18,47.36,979.74,-76.29,-89.11,335.69,-12.81,24.13,-35.22,1.59,1.56,-1.05,-2.03
0,7297,6,202.03,-79.47,937.87,147.71,122.07,245.36,6.12,34.25,-30.87,1.33,1.44,-1.67,-2.30
1,7311,6,227.05,-57.74,929.57,230.71,79.35,297.85,3.10,20.57,-31.32,1.28,1.48,-2.41,-2.69
2,7324,5,-239.14,72.88,973.75,-223.39,23.80,308.84,-12.81,24.13,-35.22,1.23,1.25,-1.25,-2.08
0,7340,6,246.34,-74.95,913.57,263.06,6.10,204.47,7.02,35.06,-31.34,1.22,1.35,-2.21,-2.64
1,7353,6,252.81,-58.84,938.48,309.45,-29.30,229.49,2.86,22.31,-31.58,1.27,1.49,-3.14,-3.21
2,7367,6,-259.40,106.32,963.38,-267.33,101.32,220.34,-12.72,22.97,-35.29,1.29,1.25,-1.74,-2.44
0,7380,7,250.12,-94.36,927.73,313.72,-70.80,109.86,6.52,36.29,-32.36,1.19,1.32,-2.76,-3.07
1,7395,6,253.05,-90.09,941.53,357.67,-88.50,152.59,3.55,23.24,-30.54,1.18,1.45,-3.73,-3.71
2,7408,6,-263.55,131.35,981.32,-294.19,159.91,164.79,-12.72,21.66,-35.00,1.26,1.22,-2.22,-2.85
0,7425,6,198.85,-129.27,990.97,256.96,-109.25,29.91,6.46,36.79,-30.77,1.05,1.20,-3.02,-3.42
1,7439,5,224.85,-117.68,1025.15,244.14,-29.91,83.62,3.55,23.24,-30.54,0.80,1.12,-3.71,-3.85
2,7451,6,-237.43,97.78,858.40,-177.00,34.18,104.98,-11.69,21.47,-34.94,0.97,1.01,-2.33,-3.13
0,7465,6,217.53,-149.17,1003.66,172.73,122.68,20.75,6.46,36.79,-30.77,0.52,0.78,-2.87,-3.38
1,7478,6,239.87,-107.06,989.50,192.87,217.29,79.35,2.93,24.05,-29.75,0.30,0.68,-3.34,-3.54
2,7494,6,-256.10,126.10,880.98,-140.38,-209.96,84.23,-11.61,21.37,-33.87,0.63,0.63,-2.30,-3.20
0,7507,7,244.14,-104.49,896.61,177.61,297.85,-20.75,6.99,38.18,-30.35,0.35,0.50,-2.82,-3.32
1,7522,6,252.20,-69.70,870.00,216.06,288.09,17.09,3.64,24.67,-30.07,0.28,0.50,-3.38,-3.49
2,7535,5,-262.57,109.86,961.67,-156.86,-186.77,6.10,-11.61,21.37,-33.87,0.53,0.45,-2.30,-3.07
0,7548,7,264.89,-115.72,760.74,183.72,178.22,-94.60,7.63,38.99,-29.82,0.13,0.26,-3.24,-3.50
1,7562,6,276.73,-108.89,767.82,213.01,57.37,-54.32,4.55,25.68,-30.63,-0.18,0.12,-4.32,-4.11
2,7578,6,-298.34,58.47,954.35,-145.26,102.54,-28.69,-12.81,20.59,-34.00,-0.14,-0.10,-2.64,-3.21
0,7592,7,263.43,-164.55,782.71,142.82,-114.75,-89.11,8.13,39.31,-30.68,-0.78,-0.46,-3.88,-4.01
1,7606,6,309.69,-107.42,839.97,152.59,-172.12,1.83,4.33,26.04,-29.08,-1.04,-0.63,-5.24,-4.93
2,7620,6,-339.48,99.85,857.91,-90.94,260.01,25.63,-12.19,19.92,-33.01,-0.62,-0.58,-3.04,-3.65
0,7633,7,338.26,-121.46,843.38,101.32,-193.48,-68.36,7.26,39.67,-29.44,-1.02,-0.84,-4.59,-4.66
1,7650,6,356.93,-94.24,906.98,109.25,-181.27,-25.63,3.41,26.25,-29.19,-1.19,-1.00,-6.04,-5.70
2,7664,6,-371.83,109.50,847.53,-25.02,207.52,-21.97,-11.54,19.29,-33.39,-0.63,-0.82,-3.71,-4.38
0,7677,6,362.18,-123.29,900.39,2.44,-94.60,-116.58,7.26,39.67,-29.44,-1.13,-1.18,-5.08,-5.23
1,7691,5,361.21,-101.81,932.98,21.36,-80.57,-57.98,3.41,26.25,-29.19,-1.46,-1.45,-6.30,-6.00
2,7703,6,-366.46,93.38,870.61,21.36,105.59,-48.22,-10.95,20.07,-33.35,-0.90,-1.25,-4.13,-4.85
0,7717,7,341.06,-148.07,862.43,-4.27,-25.02,-128.78,6.96,40.22,-30.00,-1.52,-1.69,-5.36,-5.58
1,7734,6,371.34,-120.85,898.32,7.93,-47.61,-59.20,2.91,25.33,-29.19,-1.94,-2.04,-6.62,-6.40
2,7747,6,-390.87,116.09,914.92,66.53,123.29,-40.89,-10.80,20.19,-33.07,-1.21,-1.71,-4.39,-5.19
0,7761,7,387.21,-151.86,907.96,-95.21,-45.78,-128.17,7.18,39.34,-29.43,-1.92,-2.25,-5.74,-6.00
1,7775,6,400.88,-128.42,975.95,-110.47,-12.21,-80.57,2.51,26.03,-29.31,-2.45,-2.71,-6.91,-6.73
2,7789,5,-403.69,164.43,882.57,172.73,33.57,-92.77,-10.80,20.19,-33.07,-1.33,-2.10,-4.69,-5.58
0,7804,7,389.28,-178.59,948.97,-140.99,76.90,-183.72,6.52,39.73,-29.55,-2.20,-2.79,-5.78,-6.18
1,7819,6,389.89,-170.41,1009.28,-113.53,108.64,-125.12,2.64,25.48,-30.25,-2.87,-3.32,-6.69,-6.69
2,7832,6,-396.73,139.04,882.45,175.78,-95.83,-112.30,-11.34,20.59,-33.30,-1.81,-2.73,-4.67,-5.72
0,7846,7,361.08,-209.23,1014.89,-157.47,247.80,-178.83,6.90,38.93,-29.76,-2.70,-3.40,-5.37,-5.99
1,7860,6,378.42,-175.66,1009.52,-127.56,323.49,-103.15,3.00,24.34,-29.54,-3.37,-3.94,-6.00,-6.19
2,7877,6,-394.65,141.48,928.83,174.56,-300.90,-89.11,-12.19,21.26,-33.64,-2.26,-3.31,-4.45,-5.66
0,7890,7,368.29,-192.87,917.72,-123.90,381.47,-158.69,8.17,37.92,-30.32,-3.09,-3.93,-5.14,-5.83
1,7905,6,391.72,-139.28,939.94,-101.32,344.24,-82.40,4.31,24.51,-30.83,-3.59,-4.35,-5.91,-6.10
2,7918,6,-409.06,136.72,975.34,169.07,-261.23,-78.74,-13.55,22.00,-33.56,-2.57,-3.77,-4.25,-5.43
0,7932,6,385.62,-174.44,939.21,-157.47,319.21,-165.41,8.17,37.92,-30.32,-3.31,-4.33,-5.11,-5.75
1,7948,5,389.77,-154.79,960.82,-124.51,308.23,-106.81,4.31,24.51,-30.83,-3.90,-4.84,-5.83,-6.00
2,7961,6,-403.56,139.53,895.51,160.52,-256.35,-100.10,-14.82,22.42,-32.78,-2.80,-4.22,-4.08,-5.28
0,7974,7,367.07,-213.62,946.04,-100.10,353.39,-172.73,9.36,37.13,-30.16,-3.63,-4.79,-4.78,-5.48
1,7989,6,391.72,-178.47,954.59,-52.49,382.69,-89.72,5.69,23.22,-30.60,-4.18,-5.20,-5.49,-5.69
2,8003,6,-410.16,149.66,847.29,92.16,-352.17,-76.90,-16.00,23.06,-32.93,-3.07,-4.61,-3.78,-5.05
0,8016,7,408.45,-135.50,867.19,-62.26,457.76,-179.44,10.06,36.39,-30.48,-3.56,-4.97,-4.67,-5.29
1,8033,6,424.44,-121.70,869.26,-45.17,460.82,-148.93,6.97,22.39,-31.60,-3.93,-5.30,-5.44,-5.46
2,8047,5,-458.25,122.44,841.80,104.37,-401.61,-152.59,-16.00,23.06,-32.93,-2.96,-4.75,-3.55,-4.73
0,8059,7,426.64,-186.52,787.84,-86.67,476.07,-229.49,11.99,35.84,-30.41,-3.79,-5.31,-4.63,-5.07
1,8074,6,454.10,-164.06,811.16,-69.58,454.71,-154.42,8.75,22.25,-30.30,-4.42,-5.75,-5.73,-5.48
2,8088,6,-496.83,103.03,808.23,131.23,-370.48,-115.97,-17.47,23.30,-31.60,-3.43,-5.19,-3.61,-4.65
0,8104,7,475.46,-173.22,766.11,-84.84,422.97,-175.17,13.45,35.17,-29.99,-4.22,-5.75,-4.88,-5.11
1,8119,6,498.90,-140.26,758.54,-45.17,402.22,-109.25,10.47,21.56,-31.13,-4.71,-6.11,-6.33,-5.75
2,8132,6,-531.62,152.34,844.36,67.75,-295.41,-117.19,-19.76,23.65,-32.06,-3.58,-5.50,-4.04,-4.81
0,8146,7,522.71,-156.98,665.53,-57.98,277.71,-221.56,15.01,35.27,-30.21,-4.33,-5.99,-6.02,-5.80
1,8160,6,533.33,-135.74,723.88,-52.49,221.56,-162.96,11.04,21.80,-30.27,-4.84,-6.35,-7.82,-6.78
2,8177,6,-536.50,145.51,784.79,137.94,-101.32,-178.22,-20.69,23.34,-32.18,-3.55,-5.61,-5.06,-5.51
0,8190,6,515.50,-152.71,778.20,-125.73,166.63,-268.55,15.01,35.27,-30.21,-4.23,-6.08,-6.82,-6.48
1,8204,5,524.54,-105.47,792.11,-100.71,166.02,-205.69,11.04,21.80,-30.27,-4.59,-6.36,-8.47,-7.42
2,8216,6,-539.67,114.01,808.47,159.30,-108.03,-224.00,-21.14,23.72,-32.10,-3.50,-5.70,-5.67,-6.12
0,8230,7,536.62,-91.55,693.24,-135.50,163.57,-317.38,15.25,34.72,-30.51,-3.96,-6.05,-7.69,-7.23
1,8244,9,546.14,-37.23,733.40,-150.15,72.63,-278.93,11.28,20.89,-31.41,-4.08,-6.23,-9.62,-8.40
2,8261,6,-540.65,17.58,827.27,241.70,57.98,-297.24,-20.65,24.02,-30.00,-3.33,-5.68,-6.54,-6.87
0,8274,7,514.65,-7.93,753.30,-222.78,-14.65,-388.79,15.21,34.01,-30.65,-3.43,-5.87,-8.50,-8.08
1,8289,6,515.01,40.41,768.43,-170.29,-61.65,-327.15,11.80,20.04,-31.20,-3.20,-5.85,-10.35,-9.30
2,8302,5,-529.30,-62.74,840.33,196.53,151.98,-326.54,-20.65,24.02,-30.00,-3.04,-5.63,-7.20,-7.65
0,8315,7,500.49,53.59,683.59,-169.68,-111.69,-411.38,14.99,33.98,-30.87,-2.73,-5.55,-9.37,-9.03
1,8332,6,512.45,43.58,746.09,-181.88,-211.18,-346.07,10.77,20.34,-31.40,-2.59,-5.59,-11.45,-10.53
2,8346,6,-539.55,-75.07,817.50,282.59,330.81,-325.32,-20.02,23.90,-32.15,-2.41,-5.28,-7.89,-8.54
0,8359,7,475.34,-16.24,782.10,-285.64,-262.45,-390.63,13.24,33.15,-31.54,-2.69,-5.58,-9.86,-9.91
1,8374,6,505.49,8.67,862.79,-286.25,-258.18,-278.32,9.38,19.36,-31.75,-2.83,-5.80,-11.63,-11.20
2,8388,6,-526.12,-47.61,794.07,342.41,307.01,-255.74,-18.12,25.67,-32.30,-2.43,-5.33,-8.08,-9.21
0,8404,7,490.97,43.82,864.14,-343.63,-177.61,-331.42,12.24,31.97,-31.24,-2.59,-5.64,-9.86,-10.45
1,8418,6,480.22,141.24,950.07,-347.90,-132.45,-288.70,8.31,18.19,-31.14,-2.27,-5.62,-11.20,-11.40
2,8432,6,-477.42,-97.66,823.85,405.27,128.17,-333.25,-17.14,26.60,-30.87,-2.06,-5.18,-8.16,-9.77
0,8446,6,466.92,226.07,923.83,-373.54,-19.53,-443.12,12.24,31.97,-31.24,-1.40,-4.97,-9.44,-10.56
1,8459,6,439.45,268.43,928.83,-342.41,-4.27,-444.95,7.47,16.24,-31.65,-0.61,-4.66,-10.49,-11.24
2,8476,6,-452.27,-214.11,960.45,396.73,74.46,-493.16,-16.85,28.71,-32.76,-0.84,-4.38,-7.92,-9.90
0,8489,7,422.12,207.03,859.50,-384.52,-25.02,-584.11,12.00,30.42,-31.23,-0.33,-4.24,-9.18,-10.67
1,8504,5,421.88,216.80,915.77,-400.39,-91.55,-518.19,7.47,16.24,-31.65,0.15,-4.08,-10.34,-11.43
2,8516,5,-430.91,-208.13,933.47,458.98,156.25,-523.07,-16.85,28.71,-32.76,-0.19,-3.87,-7.73,-9.99
0,8529,7,369.26,159.79,976.44,-438.84,-73.24,-602.42,11.13,28.86,-32.31,-0.10,-3.98,-8.72,-10.62
1,8546,6,378.17,153.69,995.12,-399.17,-64.70,-529.17,6.45,15.22,-32.14,-0.10,-4.15,-9.65,-11.27
2,8560,6,-395.87,-139.16,869.14,421.75,70.80,-534.06,-16.16,30.80,-32.13,-0.18,-3.79,-7.19,-9.93
0,8573,7,359.13,62.38,969.73,-358.28,60.42,-610.96,10.00,27.26,-32.68,-0.37,-4.00,-8.03,-10.37
1,8588,6,368.53,74.71,971.44,-313.72,71.41,-530.40,6.52,13.20,-32.09,-0.44,-4.10,-8.82,-10.79
2,8601,6,-372.92,-35.64,824.83,327.76,-58.59,-544.43,-15.70,32.64,-33.04,-0.17,-3.61,-6.58,-9.64
0,8615,7,344.85,31.37,956.67,-213.62,186.16,-656.74,10.90,26.10,-32.53,-0.30,-3.70,-7.26,-9.89
1,8632,6,328.61,31.62,906.37,-145.87,195.92,-598.75,6.36,12.08,-33.01,-0.36,-3.72,-7.85,-10.11
2,8646,6,-343.51,7.57,818.36,161.13,-169.07,-621.95,-15.99,33.68,-33.48,-0.09,-3.34,-5.92,-9.17
0,8675,8,295.41,-2.81,746.22,-100.71,222.78,-733.64,11.38,24.89,-32.29,-0.37,-3.49,-6.42,-9.27
1,8691,6,297.49,-0.37,749.27,-81.79,134.28,-656.74,7.03,11.35,-32.51,-0.47,-3.48,-7.28,-9.69
2,8705,6,-324.34,-7.08,799.32,134.89,-40.89,-655.52,-16.65,34.01,-33.45,-0.30,-3.18,-5.28,-8.58
0,8734,6,249.27,-126.10,728.03,-137.33,64.70,-711.67,11.85,24.21,-31.80,-1.34,-3.83,-6.04,-9.03
1,8749,6,282.84,-116.58,769.65,-165.41,14.04,-583.50,7.15,11.43,-33.03,-2.07,-4.25,-7.00,-9.57
2,8762,6,-336.06,12.33,850.71,256.96,70.19,-540.77,-16.28,34.88,-33.59,-1.53,-3.70,-4.91,-8.29
0,8776,6,260.50,-137.08,746.58,-263.67,-37.23,-582.28,11.30,23.68,-32.96,-2.49,-4.33,-5.94,-8.88
1,8790,6,287.72,-98.39,815.67,-264.89,-79.35,-476.68,7.52,10.35,-32.15,-3.14,-4.79,-6.98,-9.51
2,8807,6,-313.23,48.58,861.21,336.30,162.96,-449.83,-16.08,35.00,-33.95,-2.18,-3.93,-4.84,-8.16
0,8820,6,261.47,-120.73,876.34,-324.71,-85.45,-510.25,10.96,22.81,-32.08,-2.99,-4.52,-5.76,-8.70
1,8835,6,290.28,-81.18,937.26,-317.38,-97.66,-407.10,7.26,9.29,-33.28,-3.54,-4.96,-6.69,-9.27
2,8848,6,-324.71,-1.59,976.32,401.61,167.24,-391.85,-16.26,37.22,-32.91,-2.78,-4.23,-4.72,-8.02
0,8862,6,265.63,-57.86,961.67,-375.98,-109.25,-448.00,10.23,21.07,-32.50,-3.32,-4.70,-5.61,-8.55
1,8876,6,302.86,-38.94,1008.67,-339.36,-137.33,-346.68,6.45,7.78,-33.30,-3.68,-5.05,-6.56,-9.15
2,8893,6,-322.63,-69.58,1000.12,329.59,206.30,-289.92,-15.72,38.50,-33.33,-3.19,-4.48,-4.53,-7.83
0,8906,5,269.90,-3.42,1082.40,-269.78,-115.36,-339.36,10.23,21.07,-32.50,-3.30,-4.63,-5.33,-8.30
1,8920,6,306.03,62.62,1090.21,-209.35,-103.15,-239.26,6.16,6.69,-32.89,-3.11,-4.59,-6.19,-8.81
2,8933,6,-313.60,-74.34,1004.88,207.52,125.12,-235.60,-14.83,39.42,-33.48,-2.92,-4.29,-4.39,-7.68
0,8947,6,323.85,104.13,1048.83,-155.64,-43.95,-350.34,10.18,19.69,-31.91,-2.52,-4.09,-5.33,-8.19
1,8964,5,315.43,122.07,1040.16,-95.83,-53.10,-316.16,6.16,6.69,-32.89,-2.02,-3.78,-6.21,-8.69
2,8977,5,-324.71,-58.84,975.95,75.68,92.77,-354.61,-14.83,39.42,-33.48,-2.03,-3.66,-4.38,-7.57
0,8989,6,306.52,5.00,1024.17,-10.38,-8.54,-449.83,9.33,19.04,-32.26,-1.88,-3.49,-5.25,-8.01
1,9004,6,320.92,13.92,1000.49,65.31,8.54,-375.98,5.18,6.01,-32.31,-1.61,-3.21,-6.12,-8.46
2,9017,6,-349.00,-51.15,920.17,-43.33,19.53,-356.45,-14.32,39.84,-33.52,-1.77,-3.24,-4.21,-7.35
0,9033,6,313.35,-36.01,888.06,117.19,55.54,-414.43,10.02,19.25,-31.65,-1.63,-2.99,-5.19,-7.81
1,9048,6,353.39,-14.04,868.53,183.11,26.25,-330.81,6.24,6.10,-33.23,-1.35,-2.64,-6.34,-8.41
2,9061,6,-374.51,-20.14,892.46,-144.04,32.96,-299.07,-14.60,39.84,-34.12,-1.53,-2.75,-4.26,-7.21
0,9075,6,340.21,-60.42,849.49,175.17,3.66,-360.11,9.58,19.75,-32.48,-1.48,-2.54,-5.48,-7.84
1,9089,6,362.43,3.78,892.33,205.08,15.87,-275.88,6.03,6.38,-32.97,-1.10,-2.13,-6.63,-8.44
2,9103,6,-363.53,-42.24,805.54,-144.65,7.93,-253.91,-14.29,38.88,-34.56,-1.41,-2.33,-4.46,-7.22
0,9119,6,320.07,-16.60,860.60,124.51,133.67,-317.99,10.14,20.69,-32.51,-1.20,-2.05,-5.37,-7.59
1,9133,6,363.40,13.06,905.40,131.84,178.83,-214.84,5.81,7.20,-33.17,-0.89,-1.73,-6.29,-7.98
2,9147,6,-382.45,-66.53,751.22,-67.14,-168.46,-183.72,-15.16,39.12,-35.49,-1.27,-1.92,-4.18,-6.90
0,9160,5,359.74,17.21,826.17,90.33,297.24,-261.23,10.14,20.69,-32.51,-0.99,-1.66,-5.18,-7.23
1,9174,6,391.24,40.04,843.99,98.88,321.66,-195.92,6.85,7.57,-32.64,-0.60,-1.33,-6.15,-7.55
2,9190,5,-400.27,-21.61,879.64,38.45,-278.32,-192.26,-15.16,39.12,-35.49,-0.60,-1.24,-4.40,-6.79
0,9202,6,389.40,-3.05,778.20,-109.86,338.75,-288.09,10.90,21.06,-32.18,-0.72,-1.32,-5.52,-7.16
1,9217,5,418.09,7.81,862.55,-170.29,330.20,-209.96,6.85,7.57,-32.64,-0.83,-1.42,-6.55,-7.54
2,9229,6,-456.79,-47.97,891.36,292.97,-280.15,-195.31,-15.81,38.66,-34.67,-0.62,-1.07,-4.55,-6.64
0,9243,6,432.86,-37.48,740.97,-303.34,322.88,-259.40,12.34,19.95,-32.28,-1.17,-1.51,-5.93,-7.18
1,9260,6,461.67,-22.34,766.48,-310.67,227.05,-181.27,8.42,7.13,-33.08,-1.68,-1.98,-7.34,-7.83
2,9274,6,-476.32,-46.14,989.99,391.24,-23.80,-166.63,-17.10,40.12,-35.38,-1.25,-1.46,-5.06,-6.63
0,9287,6,426.64,-42.60,846.19,-357.06,-8.54,-216.06,12.96,18.23,-30.75,-1.83,-1.96,-6.59,-7.49
1,9302,6,461.43,7.81,937.62,-312.50,-62.87,-119.63,9.06,5.91,-33.28,-2.07,-2.25,-8.04,-8.38
2,9315,6,-447.39,12.08,936.65,336.91,125.12,-113.53,-16.31,41.46,-34.68,-1.44,-1.66,-5.53,-6.97
0,9329,6,462.77,42.60,958.01,-286.25,-52.49,-234.38,12.38,17.46,-31.53,-1.53,-1.84,-7.02,-7.84
1,9346,6,437.13,56.76,1000.24,-250.85,-68.97,-206.30,9.19,4.46,-31.18,-1.58,-2.00,-8.28,-8.65
2,9360,6,-449.22,-57.50,999.02,299.07,122.68,-236.82,-15.34,43.15,-35.08,-1.32,-1.62,-5.85,-7.29
0,9373,5,385.01,-20.02,1010.86,-271.00,-39.06,-301.51,12.38,17.46,-31.53,-1.63,-1.90,-6.95,-7.93
1,9387,6,424.80,6.47,1028.81,-227.05,-58.59,-192.87,8.37,3.15,-31.48,-1.79,-2.08,-8.11,-8.64
2,9400,6,-444.82,-109.50,1085.94,267.94,143.43,-132.45,-14.09,44.35,-35.96,-1.72,-1.82,-5.81,-7.34
0,9417,6,372.80,-18.80,1056.88,-242.92,-100.71,-177.00,12.28,16.19,-30.76,-2.05,-2.14,-6.92,-8.05
1,9431,6,382.81,20.26,1104.86,-202.64,-119.63,-82.40,8.25,1.99,-31.97,-2.09,-2.25,-7.92,-8.71
2,9445,5,-388.18,-125.24,999.88,189.21,158.08,-42.72,-14.09,44.35,-35.96,-2.22,-2.17,-5.71,-7.43
0,9457,6,335.45,24.54,1122.80,-131.84,-69.58,-106.20,12.13,15.10,-30.82,-2.15,-2.18,-6.56,-7.94
1,9472,5,356.93,45.29,1087.89,-26.25,-36.01,-17.70,8.25,1.99,-31.97,-1.86,-2.00,-7.42,-8.44
2,9487,6,-369.14,-79.35,967.77,-35.40,56.15,17.70,-12.87,45.54,-36.76,-2.12,-2.11,-5.35,-7.30
0,9500,6,334.96,-17.33,1051.15,78.74,30.52,-56.15,11.79,14.99,-31.24,-1.93,-1.92,-6.18,-7.71
1,9515,6,354.74,-18.80,1041.87,126.34,78.12,23.19,7.93,1.87,-30.62,-1.71,-1.68,-6.96,-8.10
2,9528,6,-380.49,-3.30,908.33,-69.58,-80.57,47.61,-10.60,46.23,-36.99,-1.69,-1.67,-4.98,-7.08
0,9542,6,350.46,-104.86,943.85,83.01,198.36,-17.70,11.83,15.19,-30.44,-1.91,-1.70,-5.80,-7.38
1,9555,7,380.00,-107.79,955.32,90.33,224.61,57.98,7.93,2.73,-31.85,-2.11,-1.73,-6.62,-7.69
2,9572,6,-410.64,70.80,812.01,-37.84,-208.13,97.05,-8.12,47.28,-36.21,-1.67,-1.48,-4.60,-6.75
0,9586,6,367.92,-195.80,858.64,78.74,335.69,56.76,12.56,15.42,-30.93,-2.36,-1.78,-5.44,-6.97
1,9600,6,430.30,-136.60,839.72,92.77,347.90,167.85,8.75,2.34,-31.42,-2.72,-1.91,-6.49,-7.34
2,9614,6,-468.99,82.76,911.62,-10.99,-260.01,211.79,-6.13,48.55,-36.43,-2.18,-1.62,-4.47,-6.41
0,9627,5,463.01,-111.08,765.50,-8.54,277.71,129.39,12.56,15.42,-30.93,-2.61,-1.86,-5.99,-7.06
1,9643,6,473.02,-70.19,819.21,-9.77,219.73,162.96,9.78,2.51,-32.23,-2.79,-1.96,-7.33,-7.67
2,9657,5,-482.30,78.74,862.06,68.36,-126.34,155.64,-6.13,48.55,-36.43,-2.15,-1.57,-4.92,-6.47
0,9669,6,475.10,-106.32,759.40,-19.53,140.38,62.26,13.50,15.31,-31.47,-2.58,-1.81,-6.62,-7.31
1,9682,7,528.32,-108.52,741.94,31.13,76.90,137.33,10.05,1.65,-32.10,-2.94,-1.99,-8.52,-8.35
2,9697,6,-551.64,69.21,897.09,-11.60,46.39,175.78,-5.51,49.95,-36.17,-2.44,-1.74,-5.66,-6.83
0,9710,6,529.66,-115.36,716.67,29.91,-71.41,91.55,13.71,15.21,-30.99,-2.87,-1.95,-7.88,-8.11
1,9726,6,510.74,-71.04,770.75,67.14,-160.52,128.78,10.05,1.65,-32.10,-2.95,-1.95,-9.90,-9.41
2,9740,6,-495.48,112.55,870.36,-32.96,278.32,123.29,-5.38,49.77,-34.69,-2.27,-1.62,-6.79,-7.63
0,9753,6,466.06,-152.10,769.90,66.53,-274.66,31.13,12.79,15.26,-30.66,-2.80,-1.87,-8.82,-8.96
1,9767,7,484.50,-145.14,800.66,128.17,-299.68,106.20,9.45,2.67,-32.04,-3.16,-2.00,-10.74,-10.27
2,9781,6,-499.02,88.13,846.56,-88.50,391.24,173.95,-5.77,49.10,-34.83,-2.64,-1.79,-7.36,-8.28
0,9798,6,438.60,-169.31,874.02,62.26,-280.15,99.49,11.72,15.84,-30.25,-3.13,-2.02,-9.11,-9.50
1,9811,7,421.75,-94.48,943.85,75.68,-263.06,161.74,7.92,2.75,-31.70,-3.21,-2.05,-10.49,-10.49
2,9826,6,-411.50,-34.18,805.42,-31.13,237.43,189.21,-7.03,47.53,-34.86,-3.20,-2.09,-7.56,-8.81
0,9839,6,357.67,-104.13,889.89,65.92,-134.28,125.73,9.97,16.26,-30.60,-3.35,-2.16,-8.72,-9.56
1,9853,7,407.35,-107.30,904.54,104.37,-117.19,227.66,6.36,2.99,-31.38,-3.46,-2.19,-9.95,-10.35
2,9870,6,-401.49,75.20,985.23,-8.54,211.18,257.57,-8.68,45.57,-35.21,-2.92,-1.93,-7.38,-8.85
0,9883,5,354.37,-84.35,844.60,0.61,-164.79,176.39,9.97,16.26,-30.60,-3.12,-2.06,-8.64,-9.64
1,9896,7,356.32,-37.23,888.79,6.71,-230.10,251.46,5.58,2.71,-32.21,-3.06,-2.06,-9.86,-10.48
2,9910,5,-387.82,-80.93,945.68,27.47,357.06,341.80,-8.68,45.57,-35.21,-3.16,-2.12,-7.19,-8.86
0,9922,6,303.71,-94.36,990.60,18.92,-277.10,294.19,8.96,16.02,-29.25,-3.29,-2.21,-8.23,-9.60
1,9936,7,312.87,-59.94,1017.09,96.44,-235.60,385.74,3.67,2.99,-31.97,-3.17,-2.12,-9.15,-10.26
2,9953,6,-324.83,-14.53,806.15,-87.89,249.02,438.84,-9.55,44.17,-35.45,-3.16,-2.21,-6.59,-8.70
0,9967,6,244.38,-30.76,1016.36,162.35,-65.92,385.74,6.48,15.91,-30.71,-2.85,-1.97,-7.16,-9.03
1,9980,6,283.69,76.17,1014.28,224.00,47.61,490.72,3.67,2.99,-31.97,-2.09,-1.44,-7.69,-9.27
2,9994,6,-333.86,-83.25,847.66,-189.21,-57.37,535.28,-9.48,42.65,-35.06,-2.57,-1.84,-5.73,-8.22
0,10007,6,372.80,-8.54,846.31,170.90,192.26,444.95,5.82,16.97,-31.34,-2.21,-1.55,-6.75,-8.61
1,10023,7,393.07,4.64,834.11,108.64,137.33,468.14,2.10,4.04,-31.98,-1.87,-1.29,-7.83,-9.09
2,10038,6,-412.84,-1.10,1129.52,-13.43,12.21,463.87,-12.01,40.12,-34.06,-1.76,-1.25,-5.86,-8.01
0,10051,6,384.28,-9.89,846.31,-11.60,-130.62,375.98,4.44,16.09,-31.32,-1.70,-1.23,-7.33,-8.86
1,10065,7,416.38,28.81,899.05,32.35,-254.52,459.59,1.62,4.21,-32.26,-1.41,-1.06,-8.88,-9.86
2,10079,6,-420.04,-39.18,965.70,-26.86,364.99,482.18,-13.85,38.49,-32.51,-1.51,-1.13,-6.15,-8.16
0,10093,5,411.38,101.93,997.92,133.06,-310.06,343.63,4.44,16.09,-31.32,-0.83,-0.68,-7.65,-9.12
1,10117,6,342.53,177.86,1016.85,207.52,-285.03,314.94,-1.94,4.08,-31.16,0.39,0.25,-9.05,-10.25
2,10130,6,-301.88,-77.03,954.47,-164.18,295.41,252.08,-16.82,36.28,-27.31,-0.17,-0.14,-6.81,-8.81
0,10144,6,288.45,134.64,960.45,169.07,-202.64,131.23,0.34,16.31,-34.74,0.62,0.43,-7.75,-9.43
1,10158,6,254.27,100.10,952.39,180.66,-203.25,144.65,-3.56,3.69,-32.89,1.23,0.91,-8.51,-9.96
2,10172,5,-294.07,-128.42,1043.21,-116.58,317.38,180.66,-16.82,36.28,-27.31,0.51,0.48,-6.45,-8.61
0,10187,5,215.21,-44.56,888.43,117.19,-288.09,134.89,0.34,16.31,-34.74,0.44,0.55,-7.36,-9.27
1,10200,6,255.49,-12.08,968.02,116.58,-357.06,263.67,-5.76,3.74,-34.41,0.51,0.68,-8.34,-10.00
2,10214,6,-276.00,-81.30,965.82,-17.09,437.62,337.52,-19.68,34.75,-21.90,0.12,0.46,-6.08,-8.44
0,10227,6,218.26,39.67,1042.85,-7.93,-326.54,254.52,0.04,17.59,-35.13,0.25,0.53,-6.90,-9.03
1,10242,6,223.14,57.37,1078.37,8.54,-227.05,279.54,-6.68,3.04,-36.82,0.46,0.66,-7.52,-9.46
2,10258,6,-239.01,-43.09,876.95,18.92,186.77,266.72,-22.83,36.98,-15.55,0.26,0.58,-5.65,-8.23
0,10271,6,223.14,50.29,978.15,9.77,-61.04,171.51,-0.88,19.51,-37.34,0.46,0.70,-6.23,-8.51
1,10285,5,222.78,91.55,911.74,61.65,-43.33,219.73,-6.68,3.04,-36.82,0.90,0.99,-6.80,-8.78
2,10298,6,-244.02,-125.24,959.23,-27.47,115.97,237.43,-26.42,41.55,-12.89,0.28,0.64,-5.19,-7.76
0,10311,6,205.08,27.47,882.45,107.42,-119.02,189.21,0.35,21.85,-36.60,0.52,0.85,-5.89,-8.13
1,10326,6,245.48,73.36,891.24,158.69,-152.59,271.61,-6.04,3.87,-39.25,1.02,1.22,-6.75,-8.62
2,10342,6,-273.56,-125.12,917.11,-129.39,245.36,327.15,-29.15,47.77,-11.04,0.20,0.69,-4.75,-7.27
0,10355,6,289.18,112.92,852.05,112.30,-183.72,227.05,-0.52,23.58,-35.53,0.86,1.12,-5.95,-7.96
1,10370,6,265.87,161.87,892.82,117.19,-194.70,260.62,-6.15,6.73,-40.45,1.67,1.65,-6.93,-8.55
2,10383,6,-261.60,-101.81,890.87,-43.33,272.83,219.12,-29.77,53.00,-12.90,1.04,1.30,-4.96,-7.24
0,10397,5,235.11,126.83,914.79,74.46,-184.94,92.16,-0.52,23.58,-35.53,1.61,1.66,-5.83,-7.74
1,10413,6,235.47,133.18,991.09,113.53,-167.85,154.42,-5.42,10.27,-40.23,2.21,2.10,-6.61,-8.22
2,10426,5,-265.87,-192.75,913.57,-39.06,175.78,195.92,-29.77,53.00,-12.90,1.17,1.53,-4.82,-7.08
0,10439,6,222.53,94.12,958.13,20.14,-61.04,142.21,-0.04,25.46,-33.46,1.51,1.74,-5.47,-7.38
1,10452,7,244.75,131.71,965.58,6.71,-37.84,227.05,-4.87,13.12,-39.36,1.96,2.00,-6.13,-7.69
2,10467,6,-240.60,-159.67,979.86,31.13,106.81,256.96,-30.37,56.85,-14.83,1.21,1.63,-4.61,-6.73
0,10480,6,211.06,89.72,989.38,-7.93,-41.50,181.88,1.43,26.75,-33.12,1.48,1.77,-5.18,-6.97
1,10497,6,226.81,101.81,1076.78,-50.66,-56.15,236.82,-4.82,14.69,-36.85,1.68,1.85,-5.73,-7.24
2,10511,6,-228.27,-128.66,1432.86,352.78,238.65,227.05,-29.75,57.21,-15.64,1.65,2.07,-4.39,-6.29
0,10524,6,139.77,119.87,1180.91,-526.73,-241.70,150.15,3.38,29.47,-33.47,1.26,1.53,-4.87,-6.62
1,10539,5,132.08,125.00,1196.90,-423.58,-212.40,198.36,-4.82,14.69,-36.85,1.09,1.20,-5.22,-6.85
2,10551,6,-141.72,-169.19,917.72,317.38,218.51,219.12,-21.87,55.60,-13.89,0.69,1.19,-3.97,-5.95
0,10568,6,95.34,119.26,1247.80,-140.38,-51.27,161.74,4.72,31.26,-31.45,0.81,1.15,-4.07,-5.94
1,10582,6,94.60,260.74,1125.12,-14.65,72.63,228.88,-4.87,13.09,-36.08,1.64,1.61,-4.02,-5.77
2,10595,6,-80.69,-192.99,1017.82,41.50,-62.87,195.31,-16.03,53.38,-11.50,0.83,1.21,-3.51,-5.44
0,10609,6,99.24,251.83,996.22,-5.49,137.94,59.81,5.02,32.14,-29.63,1.76,1.72,-3.47,-5.23
1,10622,7,84.11,262.21,973.63,43.95,115.36,93.99,-4.92,12.37,-34.66,2.75,2.32,-3.42,-5.03
2,10636,5,-88.50,-206.91,928.59,-48.22,-29.91,72.02,-16.03,53.38,-11.50,1.62,1.72,-2.84,-4.65
0,10652,5,90.82,82.40,889.04,178.22,80.57,-2.44,5.02,32.14,-29.63,2.13,2.15,-2.93,-4.53
1,10664,7,127.08,87.04,901.25,219.73,64.09,81.18,-3.94,12.68,-34.84,2.65,2.59,-3.21,-4.55
2,10678,6,-167.36,-168.70,976.56,-139.16,12.21,129.39,-14.18,51.65,-12.45,1.60,1.96,-2.29,-3.96
0,10692,6,126.34,32.10,798.34,91.55,20.14,86.06,5.20,32.39,-29.32,1.77,2.11,-2.74,-4.09
1,10705,7,169.43,98.51,874.63,-8.54,-73.24,186.16,-3.56,13.01,-35.01,2.08,2.29,-3.40,-4.41
2,10722,6,-175.90,-78.25,1035.16,128.78,209.35,207.52,-16.56,50.13,-12.07,1.83,2.26,-2.17,-3.50
0,10736,6,158.33,54.69,905.52,-146.48,-196.53,109.86,5.14,32.32,-29.69,1.75,2.13,-2.96,-3.97
1,10749,7,176.88,81.05,956.18,-86.06,-232.54,169.07,-4.38,12.73,-34.92,1.86,2.14,-3.79,-4.49
2,10763,7,-181.52,-108.40,904.54,84.84,297.24,180.05,-18.55,50.70,-13.31,1.36,1.93,-2.35,-3.46
0,10777,6,163.09,120.12,970.46,-15.87,-210.57,92.16,5.82,32.97,-29.58,1.74,2.12,-3.12,-3.93
1,10790,9,207.52,161.01,1021.12,20.75,-208.13,170.29,-4.38,12.73,-34.92,2.27,2.43,-3.94,-4.43
2,10807,6,-226.20,-174.80,964.84,34.18,265.50,194.09,-19.64,50.57,-14.14,1.44,2.02,-2.35,-3.29
0,10820,6,226.56,140.01,1000.85,-16.48,-165.41,106.81,5.80,34.41,-30.37,1.88,2.24,-3.28,-3.83
1,10834,7,216.55,202.76,962.52,57.37,-157.47,121.46,-4.44,11.83,-34.66,2.65,2.71,-4.12,-4.33
2,10848,6,-199.83,-114.62,1023.44,-31.74,245.36,96.44,-20.52,51.51,-14.40,1.98,2.34,-2.75,-3.38
0,10862,5,191.53,174.19,941.16,54.93,-216.06,-37.84,5.80,34.41,-30.37,2.64,2.74,-3.61,-3.92
1,10877,7,149.66,168.46,1008.79,76.90,-267.94,-37.23,-4.60,11.82,-35.33,3.24,3.15,-4.35,-4.47
2,10891,5,-143.68,-124.27,986.82,-25.63,317.99,-22.58,-20.52,51.51,-14.40,2.48,2.75,-3.09,-3.56
0,10904,6,76.29,1.59,1098.63,51.88,-202.64,-82.40,5.05,34.85,-31.98,2.38,2.73,-3.41,-3.80
1,10917,7,122.92,18.80,1129.39,108.64,-162.96,6.71,-5.79,11.66,-34.75,2.42,2.83,-3.82,-4.07
2,10932,6,-121.09,-92.53,922.49,-78.74,91.55,82.40,-18.35,52.50,-15.49,1.75,2.41,-2.91,-3.46
0,10948,6,71.53,122.19,1132.45,75.68,105.59,-20.75,4.74,35.90,-31.60,2.17,2.70,-2.80,-3.25
1,10961,7,59.33,158.81,1150.51,83.62,189.21,10.99,-5.98,12.50,-34.33,2.67,3.02,-2.57,-2.94
2,10976,6,-77.15,-136.11,979.25,-15.26,-257.57,-21.36,-17.42,52.55,-15.84,1.91,2.60,-2.40,-2.95
0,10989,6,69.34,107.18,1053.96,17.70,382.08,-113.53,3.74,33.63,-31.20,2.21,2.76,-2.00,-2.42
1,11002,8,100.71,96.19,1043.46,38.45,394.90,-50.66,-5.69,13.10,-34.07,2.47,2.92,-1.75,-1.97
2,11017,6,-152.22,-154.54,1000.98,-10.38,-351.56,-7.32,-18.73,53.10,-15.77,1.67,2.48,-1.47,-1.98
0,11033,6,150.27,62.13,885.99,105.59,349.73,-54.32,3.74,31.87,-30.49,2.00,2.72,-1.50,-1.65
1,11047,6,179.20,84.59,872.56,166.02,252.08,8.54,-5.69,13.10,-34.07,2.44,3.04,-1.91,-1.68
2,11060,6,-177.00,-57.25,1132.93,-121.46,-100.71,11.60,-18.99,53.66,-17.07,1.91,2.66,-1.28,-1.37
0,11073,6,162.60,51.03,872.56,177.00,6.10,-90.33,2.38,31.42,-30.02,2.24,2.94,-1.92,-1.66
1,11087,7,184.94,60.30,915.16,286.87,-137.94,-32.35,-4.90,13.23,-34.62,2.71,3.35,-2.76,-2.17
2,11104,5,-186.77,-67.38,961.67,-294.19,252.08,3.66,-18.99,53.66,-17.07,1.82,2.64,-1.44,-1.25
0,11116,5,163.45,-50.78,928.59,321.04,-192.87,-72.02,2.38,31.42,-30.02,1.85,2.82,-2.26,-1.78
1,11129,7,178.47,-19.04,927.00,379.03,-205.69,-5.49,-5.87,14.27,-34.45,2.12,3.17,-3.13,-2.36
2,11143,6,-177.25,24.66,900.88,-345.46,272.83,16.48,-16.71,52.51,-16.65,1.64,2.65,-1.78,-1.44
0,11157,6,156.62,-59.57,913.94,359.50,-194.70,-78.12,0.92,30.98,-31.16,1.73,2.88,-2.59,-1.97
1,11170,6,160.77,-23.93,980.10,379.03,-172.12,-25.02,-7.12,15.75,-33.96,1.99,3.22,-3.28,-2.44
2,11187,6,-164.92,11.96,907.47,-239.87,172.12,-12.21,-14.32,51.35,-18.08,1.54,2.73,-2.06,-1.64
0,11201,6,151.61,16.11,884.89,156.86,-59.81,-109.86,-0.43,32.32,-29.19,1.70,2.87,-2.67,-1.98
1,11214,6,134.40,45.78,937.50,130.00,-52.49,-68.97,-7.29,16.49,-34.18,1.95,3.03,-3.12,-2.25
2,11229,6,-134.64,-9.16,927.49,-36.62,98.88,-86.67,-12.77,50.48,-18.38,1.72,2.84,-2.20,-1.68
0,11242,6,111.57,-65.92,938.23,50.66,-26.86,-173.95,-0.79,32.59,-28.87,1.39,2.63,-2.56,-1.88
1,11258,7,151.12,-67.26,973.75,68.97,-12.21,-94.60,-7.58,17.15,-33.29,1.12,2.47,-3.01,-2.12
2,11273,6,-146.36,23.07,887.21,-25.02,6.10,-52.49,-11.15,49.91,-18.60,1.11,2.39,-2.14,-1.63
0,11286,6,134.89,-19.29,863.28,-3.66,112.92,-159.30,-0.99,32.34,-28.80,0.94,2.22,-2.47,-1.72
1,11299,5,162.60,-31.49,933.11,-26.86,70.80,-103.76,-7.58,17.15,-33.29,0.71,2.01,-2.90,-1.92
2,11313,6,-158.57,-39.43,958.98,98.27,20.14,-75.68,-9.78,51.38,-17.16,0.62,1.95,-2.02,-1.43
0,11326,6,156.62,44.68,890.26,-73.24,30.52,-159.91,-0.72,32.34,-27.34,0.68,1.87,-2.53,-1.68
1,11342,6,161.50,83.86,878.78,-24.41,-48.83,-135.50,-7.53,16.93,-33.90,0.98,1.94,-3.16,-2.05
2,11357,5,-151.12,-9.16,1083.13,74.46,209.35,-167.24,-9.78,51.38,-17.16,0.97,1.92,-2.13,-1.38
0,11369,5,132.20,-26.49,869.02,-64.70,-198.97,-270.39,-0.72,32.34,-27.34,0.70,1.68,-2.82,-1.88
1,11382,6,131.59,-35.28,942.75,-34.18,-288.70,-197.14,-8.01,16.93,-32.92,0.46,1.47,-3.55,-2.46
2,11396,6,-161.87,-89.23,981.20,67.14,397.95,-147.09,-8.18,51.40,-17.99,0.15,1.28,-2.14,-1.45
0,11412,6,84.47,-27.47,1039.55,-45.17,-308.23,-171.51,-2.00,32.78,-27.23,-0.04,1.06,-2.79,-2.02
1,11426,6,82.03,34.91,1053.96,151.37,-266.11,-112.92,-8.91,17.26,-32.12,0.29,1.26,-3.25,-2.44
2,11440,6,-48.58,51.15,927.61,11.60,310.06,-117.80,-5.15,52.27,-16.92,0.51,1.32,-2.41,-1.79
0,11454,6,13.67,-23.07,1082.03,25.63,-156.25,-252.08,-3.74,34.01,-24.74,0.42,1.23,-2.49,-1.92
1,11467,6,-7.45,-0.73,1118.41,47.61,-97.66,-203.25,-10.66,17.22,-32.17,0.45,1.22,-2.42,-1.93
2,11485,6,12.45,-29.91,975.95,32.35,42.11,-178.83,-2.89,52.76,-17.61,0.34,1.11,-2.23,-1.77
0,11498,6,-66.53,-69.82,987.67,-23.19,44.56,-244.14,-5.05,34.05,-25.07,0.01,0.85,-1.75,-1.46
1,11511,6,-39.18,-50.42,960.45,12.21,20.14,-142.21,-10.64,16.61,-31.71,-0.19,0.69,-1.44,-1.25
2,11526,6,16.48,-49.56,1014.77,-3.05,81.18,-92.16,-1.73,53.69,-17.37,-0.38,0.51,-1.30,-1.09
0,11539,6,-81.67,-128.91,940.43,70.80,-84.23,-106.20,-5.64,34.47,-24.33,-0.81,0.24,-0.97,-0.93
1,11553,5,-24.54,-99.00,979.25,117.80,-118.41,4.88,-10.64,16.61,-31.71,-1.01,0.12,-0.94,-0.94
2,11569,5,16.48,31.49,999.27,-48.83,196.53,68.36,-1.73,53.69,-17.37,-0.89,0.06,-0.66,-0.60
0,11581,5,-33.94,-87.77,991.33,7.32,-112.30,3.66,-5.64,34.47,-24.33,-1.17,-0.17,-0.61,-0.60
1,11594,6,-16.36,-35.64,1037.96,8.54,-70.19,68.36,-11.33,17.22,-32.04,-1.22,-0.28,-0.59,-0.59
2,11608,6,-22.83,-8.67,823.97,41.50,48.22,81.18,-0.99,53.45,-16.92,-1.12,-0.28,-0.38,-0.39
0,11621,6,-40.04,-17.21,1053.96,-25.63,84.23,6.71,-5.79,35.14,-24.73,-1.14,-0.39,-0.09,-0.14
1,11638,6,24.90,-31.86,1033.69,-52.49,297.24,70.80,-11.68,17.52,-32.73,-1.26,-0.58,0.27,0.35
2,11652,6,-59.81,5.74,961.67,190.43,-304.57,89.72,-1.32,53.06,-16.48,-0.91,-0.35,0.12,0.12
0,11665,6,47.85,-38.33,878.05,-213.62,393.68,11.60,-5.13,35.16,-25.02,-1.29,-0.76,0.39,0.56
1,11679,6,65.19,5.00,894.17,-241.09,361.94,74.46,-9.88,17.02,-31.85,-1.48,-1.08,0.53,0.90
2,11693,6,-100.95,-69.46,957.15,264.28,-234.38,92.16,-3.19,54.53,-16.30,-1.34,-0.90,0.62,0.83
0,11706,6,81.91,-15.63,831.42,-206.30,260.01,31.74,-2.38,34.20,-25.74,-1.58,-1.23,0.51,0.97
1,11723,6,126.46,16.48,867.55,-178.22,117.19,129.39,-8.73,15.82,-33.25,-1.67,-1.49,0.08,0.86
2,11737,6,-115.60,-43.33,1030.40,281.98,18.31,133.67,-4.31,55.48,-15.16,-1.36,-1.20,0.54,1.13
0,11750,7,99.00,41.14,904.66,-267.94,-1.22,45.78,-0.73,34.56,-26.00,-1.43,-1.46,0.07,0.89
1,11764,6,99.98,63.84,950.07,-225.83,-48.83,102.54,-8.07,14.94,-34.41,-1.34,-1.59,-0.42,0.60
2,11778,6,-111.21,-95.46,909.55,231.93,100.71,110.47,-5.40,55.83,-14.49,-1.37,-1.50,0.22,1.01
0,11794,6,90.09,42.72,979.74,-203.86,-9.77,31.74,1.44,35.49,-26.75,-1.42,-1.73,-0.18,0.80
1,11808,5,94.48,65.55,1072.63,-227.05,18.92,89.11,-8.07,14.94,-34.41,-1.34,-1.84,-0.49,0.63
2,11821,5,-97.41,-88.87,945.19,319.82,-5.49,90.94,-5.40,55.83,-14.49,-1.24,-1.63,-0.05,0.85
0,11833,5,74.71,90.33,1053.22,-320.43,177.61,16.48,1.44,35.49,-26.75,-1.19,-1.81,-0.13,0.91
1,11846,6,85.08,126.22,1062.87,-283.20,222.78,81.18,-7.57,14.95,-33.26,-0.99,-1.89,-0.15,1.03
2,11859,7,-104.98,-150.27,966.67,312.50,-185.55,81.79,-6.08,55.10,-13.00,-1.14,-1.78,0.05,1.01
0,11876,7,92.04,104.74,790.41,-101.93,71.41,2.44,5.16,36.82,-28.44,-0.69,-1.63,-0.30,0.86
1,11890,6,142.09,37.72,1187.50,107.42,-377.81,104.37,-6.57,13.44,-33.57,-0.38,-1.40,-1.24,0.10
2,11904,6,-79.83,-115.72,917.11,59.20,377.20,120.85,-7.45,52.10,-13.09,-0.78,-1.57,-0.32,0.81
0,11918,6,50.05,137.45,1190.92,-130.62,-151.37,28.69,8.13,37.37,-30.58,-0.43,-1.47,-0.66,0.52
1,11931,6,122.31,260.38,972.66,-134.28,12.82,71.41,-7.34,12.84,-33.61,0.48,-1.05,-1.08,0.27
2,11948,6,-56.64,-125.85,802.37,6.10,28.08,63.48,-10.62,51.17,-11.41,-0.17,-1.37,-0.68,0.49
0,11962,6,68.48,152.34,1117.80,16.48,169.07,-36.62,9.47,37.45,-33.13,0.40,-1.02,-0.66,0.58
1,11975,6,84.96,113.04,1034.42,88.50,195.31,10.38,-7.13,12.39,-32.43,0.92,-0.65,-0.70,0.65
2,11988,7,-80.93,-111.08,947.63,-21.36,-156.25,13.43,-15.99,48.88,-12.00,0.36,-0.93,-0.51,0.63
0,12003,6,54.32,60.42,852.42,45.78,213.62,-66.53,9.23,35.28,-33.57,0.68,-0.70,-0.45,0.77
1,12016,6,66.41,85.45,818.97,81.18,161.74,1.83,-6.98,11.93,-33.68,1.15,-0.36,-0.54,0.79
2,12033,5,-82.03,-145.51,1045.78,-15.87,2.44,34.79,-15.99,48.88,-12.00,0.50,-0.69,-0.19,0.95
0,12045,7,19.65,32.96,717.16,-4.88,-47.00,-23.80,10.17,34.02,-38.67,0.64,-0.59,-0.34,0.81
1,12059,5,48.71,62.62,757.32,-23.80,-188.60,95.21,-6.98,11.93,-33.68,0.90,-0.43,-0.80,0.42
2,12071,7,-88.62,-255.25,1041.63,92.77,339.97,206.30,-21.89,45.08,-12.95,-0.01,-0.84,0.02,1.04
0,12086,5,1.46,99.12,628.17,-130.62,-495.61,197.14,10.17,34.02,-38.67,0.46,-0.64,-0.58,0.41
1,12101,6,127.81,177.61,649.29,-114.75,-665.89,338.13,-7.39,10.30,-32.65,1.32,-0.23,-2.31,-1.06
2,12114,7,-178.34,-291.38,831.79,117.19,802.61,396.73,-28.20,46.29,-19.41,0.03,-0.82,-0.31,0.50
0,12129,6,114.75,222.53,761.11,15.26,-872.19,338.75,13.54,37.50,-54.57,1.19,-0.16,-1.99,-0.98
1,12142,6,148.68,225.71,722.41,148.93,-957.64,379.64,-11.91,4.60,-22.05,2.51,0.70,-3.85,-2.62
2,12156,7,59.33,69.09,-139.77,-279.54,937.50,374.15,-28.91,53.52,-28.39,12.74,6.20,-3.84,-2.08
0,12170,6,219.12,-6.47,964.48,495.00,160.52,167.24,27.29,49.51,-157.15,12.45,6.68,-4.26,-2.28
1,12187,6,253.17,42.60,1014.89,359.50,-75.07,6.10,-20.28,-12.89,8.64,12.31,7.17,-5.06,-2.86
2,12200,7,-27.83,-138.06,727.54,-206.91,221.56,2.44,-31.43,55.75,-40.42,10.43,6.28,-4.27,-2.39
0,12214,6,54.08,88.75,981.20,209.96,61.65,-93.99,33.48,46.00,-212.65,10.33,6.57,-4.12,-2.35
1,12228,6,6.59,151.73,968.51,197.75,-16.48,-51.27,-29.97,-20.95,28.87,10.48,6.98,-3.88,-2.30
2,12241,6,28.69,-83.37,949.46,-136.72,79.96,-96.44,-31.43,55.75,-40.42,9.24,6.41,-3.63,-2.19
0,12257,6,-13.92,150.27,896.73,173.34,-6.71,-234.38,62.55,8.98,-240.11,9.52,6.87,-3.33,-2.10
1,12271,6,-40.16,165.89,940.19,245.36,-31.13,-223.39,-51.14,-12.40,61.90,9.87,7.37,-2.96,-1.98
2,12284,7,46.14,-63.96,907.23,-238.04,79.96,-259.40,-33.62,57.87,-49.24,8.59,6.68,-2.86,-1.91
0,12299,5,-52.12,60.91,971.56,304.57,-35.40,-382.08,62.55,8.98,-240.11,8.60,6.98,-2.48,-1.77
1,12311,5,-277.10,-296.14,1099.24,427.86,-17.70,-252.69,-51.14,-12.40,61.90,7.45,6.70,-1.37,-1.20
2,12327,7,73.12,31.01,1070.68,-336.30,46.39,-23.19,-33.65,60.27,-72.36,6.52,6.01,-1.48,-1.23
0,12341,6,87.40,26.49,1320.43,361.33,-73.85,-96.44,96.70,-95.75,-234.63,6.60,6.33,-1.73,-1.42
1,12355,6,-13.67,-30.88,1254.15,189.82,46.39,-128.78,-103.63,24.27,138.77,6.29,6.32,-1.51,-1.28
2,12368,7,48.10,54.81,993.41,24.41,86.06,-160.52,-17.15,77.94,-115.92,6.10,6.26,-1.49,-1.22
0,12383,6,-93.63,-34.91,932.37,-44.56,10.99,-274.05,93.63,-205.03,-256.42,5.46,5.91,-0.97,-0.94
1,12396,6,-7.81,54.44,894.04,44.56,1.22,-192.87,-126.22,69.34,215.55,5.38,5.90,-0.86,-0.88
2,12412,7,-30.76,-44.68,882.20,-43.33,72.63,-175.78,-3.20,57.82,-102.01,4.74,5.51,-0.55,-0.65
0,12427,6,-31.37,-84.96,909.06,101.32,12.21,-248.41,53.27,-233.97,-181.27,4.16,5.25,-0.36,-0.52
1,12440,6,202.64,-180.30,1142.09,94.60,68.36,-130.62,-101.49,128.96,251.71,3.36,4.83,-0.94,-0.79
2,12454,7,-90.21,5.98,1107.67,-12.21,39.67,-21.97,13.28,45.10,-96.28,3.13,4.65,-0.50,-0.52
0,12468,6,-104.37,-33.94,957.52,14.04,-0.61,-83.62,41.77,-250.26,-152.97,2.79,4.41,-0.03,-0.26
1,12484,6,-63.35,38.82,1030.03,63.48,37.84,-9.77,-95.46,131.76,269.03,2.84,4.42,0.28,-0.04
2,12498,6,108.76,70.68,1027.95,-15.87,42.72,-34.79,13.28,45.10,-96.28,2.90,4.38,-0.11,-0.21
0,12511,6,-85.08,43.70,1130.49,64.70,-32.96,-199.58,46.01,-269.19,-180.10,2.94,4.38,0.15,-0.07
1,12525,6,100.83,-59.33,929.81,45.17,-10.38,-126.95,-81.69,134.86,309.61,2.53,4.13,-0.30,-0.31
2,12538,7,-98.02,-90.45,921.26,10.99,84.23,-3.66,18.15,32.95,-87.22,1.98,3.76,0.25,0.05
0,12552,5,30.52,-8.06,982.06,1.83,14.04,-63.48,46.01,-269.19,-180.10,1.81,3.59,0.12,0.01
1,12567,5,-7.08,16.85,1008.54,28.69,-2.44,17.09,-81.69,134.86,309.61,1.79,3.51,0.14,0.03
2,12580,7,-23.80,-18.19,994.38,7.93,43.33,37.23,11.29,27.00,-72.78,1.60,3.33,0.28,0.15
0,12594,6,-8.54,-85.45,963.99,6.71,20.75,-40.28,51.65,-279.85,-224.80,1.14,3.00,0.32,0.20
1,12607,6,-0.24,-34.67,979.37,28.69,6.10,57.98,-82.13,114.09,327.64,0.96,2.82,0.31,0.21
2,12620,6,3.05,-1.10,965.70,14.65,56.76,83.01,9.92,22.20,-76.73,0.90,2.71,0.34,0.28
0,12634,9,-20.87,-21.12,970.21,3.05,28.69,-3.66,64.90,-271.46,-272.18,0.76,2.53,0.44,0.36
1,12650,6,-90.45,65.31,948.97,22.58,12.21,45.17,-93.99,80.13,334.63,1.01,2.59,0.81,0.59
2,12663,6,-38.09,-65.55,983.52,13.43,55.54,25.02,6.35,16.70,-79.55,0.69,2.33,0.98,0.73
0,12678,6,-27.47,-1.71,989.26,0.00,9.16,-46.39,79.26,-253.08,-325.71,0.64,2.21,1.03,0.79
1,12691,6,-14.16,29.54,995.61,24.41,1.22,21.36,-97.99,50.54,340.26,0.74,2.19,1.02,0.81
2,12704,5,-5.86,-3.78,980.71,13.43,57.98,29.91,6.35,16.70,-79.55,0.69,2.09,1.04,0.87
0,12720,6,-17.46,-19.78,976.20,3.05,12.82,-51.27,82.67,-248.24,-340.04,0.57,1.93,1.06,0.91
1,12733,6,-6.71,-3.30,1000.49,28.08,1.22,16.48,-98.17,45.87,341.15,0.55,1.85,1.01,0.91
2,12746,6,-0.37,-12.70,985.47,14.65,56.76,30.52,4.33,15.64,-79.68,0.48,1.73,1.01,0.96
0,12761,5,-18.31,-35.64,977.54,0.61,12.21,-50.66,82.67,-248.24,-340.04,0.30,1.55,1.03,0.99
1,12773,5,-6.23,-4.27,1000.73,28.69,1.22,14.65,-98.17,45.87,341.15,0.29,1.48,0.99,0.98
2,12785,6,-0.49,-11.96,984.50,14.04,56.15,30.52,4.05,15.34,-78.92,0.24,1.38,0.99,1.03
0,12802,6,-19.53,-35.77,976.07,0.61,9.16,-50.66,82.60,-248.18,-340.26,0.08,1.20,1.01,1.06
1,12815,6,-5.49,-4.03,1000.61,29.30,1.22,15.87,-98.54,45.35,340.91,0.09,1.14,0.97,1.05
2,12829,6,0.24,-11.11,983.40,13.43,57.37,31.13,4.57,15.83,-77.77,0.06,1.04,0.97,1.09
0,12843,6,-19.53,-34.67,976.81,2.44,9.77,-50.66,82.35,-248.34,-340.38,-0.08,0.89,0.99,1.12
1,12856,6,-5.37,-4.52,1000.61,27.47,0.00,16.48,-98.41,45.79,341.36,-0.06,0.83,0.95,1.10
2,12869,6,-1.34,-11.60,985.11,12.82,58.59,31.74,3.92,15.42,-77.73,-0.09,0.75,0.96,1.15
0,12886,6,-19.65,-34.42,976.32,1.22,10.38,-52.49,82.12,-248.72,-340.80,-0.22,0.59,0.99,1.18
1,12900,6,-5.98,-4.64,1000.49,28.08,2.44,15.87,-98.49,45.65,341.39,-0.19,0.54,0.95,1.16
2,12913,5,-0.24,-10.99,984.25,13.43,54.93,30.52,3.92,15.42,-77.73,-0.21,0.47,0.94,1.19
