-1,119,119,119,119,119,119,20,20,20,12:16:21
0,54979,4,330.20,70.43,929.93,-28.08,90.33,93.99,14.69,34.64,-11.99
1,54989,4,357.79,-78.74,1026.00,26.86,89.72,-9.16,18.01,21.12,-5.37
2,55000,4,-156.01,7.45,962.89,56.76,162.96,26.25,-23.13,50.95,-17.11
3,55010,0,0.097752
4,55011,1,0.000000
5,55013,0,0.886699
6,55015,0,0.490677
0,55018,4,351.81,166.50,911.74,-24.41,314.33,130.00,14.69,34.64,-11.99
1,55027,5,343.63,-65.19,1020.51,-67.14,234.99,54.93,18.87,21.40,-6.30
2,55038,5,-139.16,7.45,988.04,-12.82,293.58,-21.36,-22.42,50.94,-16.94
3,55052,0,0.097752
4,55054,0,0.000000
5,55056,0,0.886699
6,55057,1,0.490677
0,55061,4,370.48,194.95,841.43,-114.75,322.27,-97.66,14.78,34.09,-12.28
1,55071,4,387.57,-15.50,914.43,-53.10,224.00,57.37,18.29,21.17,-4.68
2,55081,5,-85.45,12.94,957.52,75.07,212.40,4.88,-21.89,50.40,-17.21
3,55092,0,0.097752
4,55094,0,0.000000
5,55095,0,0.886699
6,55097,0,0.392157
0,55100,5,477.66,218.75,777.95,13.43,194.09,-79.96,15.37,33.89,-11.56
1,55111,4,429.32,-24.78,960.45,92.77,128.17,-42.72,18.93,21.34,-4.63
2,55126,3,-60.91,-5.37,1041.63,142.21,4.27,-9.77,-21.89,50.40,-17.21
3,55135,0,0.195695
4,55136,0,0.000000
5,55138,0,0.886699
6,55140,0,0.293830
0,55143,4,482.54,202.76,790.28,101.93,-47.61,-73.24,15.34,34.64,-12.12
1,55153,5,433.72,-50.29,966.67,99.49,-54.32,-49.44,18.81,21.40,-5.59
2,55163,6,-88.50,13.55,983.89,45.17,-77.51,3.05,-21.87,50.68,-17.42
3,55174,0,0.392157
4,55176,0,0.000000
5,55178,0,0.886699
6,55179,1,0.293830
0,55183,4,433.96,296.02,809.57,245.36,-80.57,-96.44,14.97,35.23,-11.79
1,55197,4,409.42,-41.14,987.30,240.48,-29.30,-81.18,18.57,21.80,-5.18
2,55207,5,-44.92,47.61,1105.47,200.20,-107.42,50.05,-22.58,51.03,-16.77
3,55218,0,0.490677
4,55220,0,0.000000
5,55221,0,0.886699
6,55223,0,0.293830
0,55226,5,444.21,212.89,861.08,158.69,-79.96,21.97,14.98,35.58,-12.17
1,55236,4,362.30,-3.54,989.14,74.46,-111.69,48.83,18.57,21.80,-5.18
2,55245,5,-149.17,33.94,992.31,14.65,-101.32,3.66,-22.63,50.94,-16.67
3,55256,1,0.490677
4,55258,0,0.000000
5,55264,0,0.886699
6,55265,1,0.392157
0,55269,3,393.07,203.86,887.57,220.95,-123.29,-53.71,14.98,35.58,-12.17
1,55278,4,371.46,-40.28,1002.81,181.88,-135.50,-74.46,18.60,21.47,-4.22
2,55288,5,-150.15,21.36,1005.25,130.00,-176.39,-10.38,-23.45,51.17,-17.49
3,55299,0,0.195695
4,55301,0,0.000000
5,55303,0,0.886699
6,55304,1,0.392157
0,55308,4,382.69,158.69,876.83,210.57,-86.67,-64.70,15.30,35.82,-11.58
1,55318,4,362.55,-76.54,1001.46,140.99,-138.55,-50.05,18.63,22.08,-4.57
2,55328,3,-188.84,30.27,974.24,45.17,-160.52,23.19,-23.45,51.17,-17.49
3,55342,0,0.000000
4,55343,1,0.000000
5,55345,0,0.787402
6,55347,0,0.293830
0,55350,5,345.09,141.24,905.27,194.09,-122.68,43.95,15.19,35.73,-12.63
1,55360,5,270.87,-50.05,1006.59,49.44,-111.08,-11.60,18.66,22.07,-4.94
2,55371,4,-247.31,65.31,955.20,-62.87,-123.29,-8.54,-23.18,51.17,-16.59
3,55382,0,0.000000
4,55383,0,0.000000
5,55385,0,0.787402
6,55387,0,0.293830
0,55390,4,225.83,142.33,857.18,93.99,-210.57,107.42,14.61,35.82,-13.50
1,55400,4,177.25,-41.99,962.04,-76.29,-193.48,6.10,18.02,22.07,-6.03
2,55414,4,-290.53,105.83,853.39,-135.50,-103.15,-34.18,-24.00,50.59,-16.47
3,55425,0,0.000000
4,55427,0,0.000000
5,55428,1,0.589391
6,55430,0,0.293830
0,55433,5,161.25,202.64,984.74,120.24,-198.36,171.51,14.73,35.80,-13.38
1,55444,3,143.07,-11.47,1031.86,19.53,-68.97,-21.36,18.02,22.07,-6.03
2,55453,4,-331.18,133.30,923.34,28.08,-59.81,-25.02,-23.89,50.54,-18.57
3,55463,0,0.000000
4,55464,0,0.000000
5,55467,0,0.589391
6,55469,0,0.293830
0,55472,3,116.58,137.08,1032.96,51.27,-73.85,17.09,14.73,35.80,-13.38
1,55485,4,128.17,-85.45,1033.33,-73.85,65.31,2.44,18.38,22.00,-5.55
2,55495,4,-390.75,82.28,945.56,-40.89,109.86,-26.25,-23.82,50.78,-18.03
3,55505,0,0.000000
4,55507,0,0.000000
5,55508,2,0.490677
6,55511,0,0.293830
0,55514,5,221.44,90.82,1022.09,-68.36,68.36,-16.48,14.32,35.89,-14.93
1,55525,4,214.36,-1.95,1015.99,-112.30,153.81,18.92,18.76,22.22,-6.49
2,55535,3,-239.87,79.47,978.88,70.80,184.94,-2.44,-23.82,50.78,-18.03
3,55544,0,0.000000
4,55549,0,0.000000
5,55552,0,0.490677
6,55553,1,0.293830
0,55557,4,308.11,91.19,922.12,120.24,111.69,-160.52,15.81,35.96,-13.62
1,55567,4,217.04,-107.54,1135.38,172.12,-41.50,29.91,19.47,22.60,-7.01
2,55577,4,-306.76,62.99,991.58,-8.54,15.87,11.60,-23.80,50.81,-19.38
3,55587,0,0.000000
4,55589,0,0.000000
5,55590,0,0.490677
6,55592,0,0.195695
0,55596,5,218.51,144.17,919.68,-56.15,1.83,132.45,16.26,35.00,-14.50
1,55606,5,239.62,-34.30,990.72,-198.97,29.91,86.06,19.38,22.49,-7.91
2,55617,4,-259.16,106.32,920.53,-245.97,131.23,-3.66,-24.13,50.77,-19.60
3,55630,0,0.000000
4,55632,0,0.000000
5,55634,0,0.490677
6,55635,0,0.195695
0,55640,4,203.00,219.48,870.36,-212.40,-6.10,136.11,16.32,35.03,-16.83
1,55650,4,224.12,102.78,899.54,-396.73,9.16,194.09,19.32,21.46,-7.93
2,55660,4,-193.12,213.75,835.69,-413.82,227.05,-23.19,-24.46,50.33,-20.47
3,55670,0,0.000000
4,55672,0,0.000000
5,55673,0,0.490677
6,55675,0,0.195695
0,55678,5,188.96,294.92,742.92,-117.80,23.19,120.24,16.32,35.03,-16.83
1,55692,4,120.61,141.11,830.93,-158.08,-20.14,119.02,19.32,21.46,-7.93
2,55702,4,-159.67,238.89,682.01,-26.25,133.67,-50.05,-23.94,49.11,-22.56
3,55712,0,0.000000
4,55713,0,0.000000
5,55715,0,0.490677
6,55717,0,0.195695
0,55720,5,136.96,309.33,938.11,53.71,160.52,111.08,16.81,34.48,-16.72
1,55731,4,164.18,133.06,1057.37,93.99,205.08,63.48,20.21,21.03,-9.79
2,55741,5,-329.35,249.02,1075.32,188.60,120.24,98.27,-23.90,50.68,-22.71
3,55751,0,0.000000
4,55753,0,0.000000
5,55754,1,0.490677
6,55756,0,0.293830
0,55763,6,178.71,211.43,995.48,-17.09,24.41,42.72,17.49,33.84,-17.77
1,55774,5,222.17,32.35,1077.39,-66.53,-0.61,24.41,21.34,21.26,-10.60
2,55785,3,-208.74,176.15,972.41,-58.59,75.68,-47.00,-23.90,50.68,-22.71
3,55794,0,0.000000
4,55795,0,0.000000
5,55797,0,0.490677
6,55799,0,0.293830
0,55802,4,316.89,203.61,989.38,29.91,68.97,31.13,18.31,33.61,-19.36
1,55813,4,246.46,53.96,1195.31,56.15,-3.05,139.77,21.03,20.87,-11.39
2,55823,5,-329.22,199.22,1138.55,-40.28,18.31,119.02,-23.77,50.35,-23.73
3,55837,0,0.000000
4,55839,0,0.000000
5,55840,0,0.490677
6,55842,0,0.195695
0,55845,6,222.78,257.93,1049.80,51.27,-55.54,173.95,18.13,33.62,-20.03
1,55857,4,240.84,56.03,1144.17,-61.04,-112.92,92.16,21.86,20.96,-12.62
2,55867,4,-183.59,213.13,1036.13,-17.09,-55.54,7.32,-23.29,49.88,-24.58
3,55877,0,0.195695
4,55878,1,0.000000
5,55880,0,0.392157
6,55882,0,0.097752
0,55885,5,340.58,319.70,1043.95,222.17,17.70,1.22,19.01,33.53,-20.76
1,55896,5,396.24,88.50,1161.99,274.66,-64.09,92.16,21.51,20.68,-12.60
2,55910,5,-235.23,150.15,1205.44,257.57,-73.24,202.64,-23.78,50.40,-26.34
3,55920,0,0.986193
4,55922,0,0.000000
5,55924,0,0.490677
6,55925,1,0.293830
0,55929,3,414.43,226.68,1275.51,315.55,123.29,29.91,19.01,33.53,-20.76
1,55939,3,393.31,-57.25,1356.32,267.94,98.27,49.44,21.51,20.68,-12.60
2,55948,4,-246.09,3.91,1307.98,263.67,116.58,75.07,-24.17,50.88,-27.42
3,55958,0,1.185771
4,55960,0,0.000000
5,55961,1,0.589391
6,55963,0,0.293830
0,55967,4,463.26,141.97,1154.66,-134.89,300.29,-209.35,19.15,34.05,-20.78
1,55982,4,538.70,-148.93,1163.70,-18.92,177.00,-40.28,22.40,21.67,-14.09
2,55992,3,-112.55,-86.06,1274.29,4.27,-37.84,-52.49,-24.17,50.88,-27.42
3,56001,0,1.285856
4,56003,0,0.000000
5,56004,0,0.688299
6,56006,0,0.392157
0,56009,5,620.97,5.74,873.90,-168.46,-0.61,-277.71,19.92,33.65,-21.94
1,56020,5,557.50,-58.11,953.61,-208.13,-242.31,114.75,22.14,21.90,-15.06
2,56031,4,15.99,-16.24,973.14,-454.71,-23.19,-3.66,-24.43,50.67,-27.67
3,56041,0,1.386138
4,56043,0,0.000000
5,56044,0,0.787402
6,56050,0,0.490677
0,56053,5,466.19,143.07,577.88,-378.42,-70.19,297.24,19.89,33.92,-22.95
1,56064,5,380.62,51.88,660.03,-495.00,-173.34,309.45,22.17,20.48,-16.39
2,56075,4,5.13,34.67,693.85,-565.80,98.27,6.10,-25.95,49.19,-28.65
3,56084,1,1.185771
4,56086,0,0.000000
5,56088,0,0.787402
6,56090,0,0.490677
0,56093,4,347.53,143.43,527.71,-71.41,-106.20,355.83,19.90,31.75,-24.32
1,56103,6,343.14,26.12,619.38,-54.93,-81.18,319.21,21.58,19.02,-17.41
2,56114,5,4.64,26.73,642.70,-56.76,17.09,274.05,-25.74,47.20,-30.25
3,56128,0,0.986193
4,56130,0,0.000000
5,56131,0,0.886699
6,56133,0,0.688299
0,56136,5,354.00,193.97,694.58,458.98,-132.45,238.04,20.09,31.40,-24.26
1,56146,6,327.64,-0.24,905.88,509.64,-23.19,105.59,22.17,20.12,-18.53
2,56158,4,-120.97,84.84,924.44,375.98,-167.24,281.37,-26.04,48.22,-28.97
3,56168,0,0.589391
4,56169,1,0.000000
5,56171,0,0.986193
6,56173,0,0.787402
0,56176,4,315.55,116.33,877.20,455.32,-97.05,167.85,20.09,31.40,-24.26
1,56185,4,232.42,-60.55,1036.74,336.30,-80.57,86.06,22.17,20.12,-18.53
2,56199,5,-299.32,85.69,901.86,21.97,-35.40,115.97,-25.65,48.67,-28.85
3,56209,0,0.392157
4,56211,0,0.000000
5,56212,1,1.185771
6,56214,0,0.986193
0,56218,4,130.13,163.09,832.52,7.93,-4.27,242.92,20.50,32.10,-24.57
1,56228,4,150.63,24.78,840.45,-163.57,50.66,59.81,21.61,20.21,-17.47
2,56239,3,-229.00,136.35,733.89,-105.59,109.86,-26.86,-25.65,48.67,-28.85
3,56248,0,0.195695
4,56250,0,0.000000
5,56251,0,1.185771
6,56253,0,1.185771
0,56256,5,123.05,202.76,680.05,131.84,-46.39,-89.72,20.29,31.98,-24.68
1,56270,5,125.73,-15.75,889.53,217.29,-186.77,-93.38,22.62,20.14,-18.23
2,56282,4,-314.45,98.88,832.52,181.27,-296.02,-36.01,-25.85,48.47,-30.27
3,56292,0,0.000000
4,56293,0,0.000000
5,56295,0,1.285856
6,56297,0,1.486620
0,56300,4,225.95,109.01,1022.83,219.73,-171.51,-54.93,20.75,33.06,-25.32
1,56310,5,193.48,23.32,1026.12,65.31,-20.75,-97.05,21.42,21.69,-18.41
2,56321,5,-219.73,164.92,905.40,76.90,40.89,-82.40,-27.64,48.69,-30.85
3,56331,0,0.000000
4,56333,0,0.000000
5,56338,1,1.486620
6,56340,0,1.789265
0,56343,5,181.64,266.11,765.14,-90.33,65.92,-12.82,20.03,33.48,-26.87
1,56354,4,218.51,63.72,925.66,-54.93,-7.93,-70.80,21.74,20.84,-18.90
2,56365,4,-229.86,177.25,884.16,8.54,-54.32,-90.33,-27.60,48.79,-31.70
3,56375,0,0.000000
4,56376,0,0.000000
5,56378,0,1.587301
6,56380,0,1.992032
0,56383,3,247.80,249.15,890.14,159.91,-150.76,-100.10,20.03,33.48,-26.87
1,56392,5,247.92,77.64,1081.18,169.07,-155.64,-97.05,20.89,21.30,-19.07
2,56402,6,-245.12,207.40,1047.85,72.63,-129.39,-29.30,-28.76,49.66,-31.38
3,56417,0,0.000000
4,56419,0,0.000000
5,56421,0,1.890547
6,56422,1,2.297702
0,56426,4,243.29,274.05,1062.87,-7.32,-130.00,89.11,19.84,33.83,-26.98
1,56436,3,234.01,124.15,1142.58,-127.56,-13.43,-45.78,20.89,21.30,-19.07
2,56445,5,-243.77,250.85,1058.59,-70.19,-4.27,-70.80,-28.76,49.66,-31.38
3,56455,0,0.000000
4,56457,0,0.000000
5,56458,1,1.890547
6,56460,0,2.400000
0,56464,4,265.14,259.03,1041.75,40.28,-165.41,-56.76,19.62,34.08,-27.65
1,56477,5,229.86,15.99,1295.29,81.79,-219.73,-76.90,20.95,21.74,-19.47
2,56488,5,-430.91,175.78,1255.62,4.88,-250.85,-39.06,-29.11,49.57,-31.21
3,56499,0,0.000000
4,56500,0,0.000000
5,56502,0,1.285856
6,56504,0,1.890547
0,56507,4,221.92,203.37,1310.67,-25.02,-285.64,83.62,18.70,34.50,-28.80
1,56517,5,222.53,9.40,1308.72,-302.73,-153.81,-35.40,19.78,22.13,-20.54
2,56528,4,-358.28,182.86,1122.56,-333.25,13.43,-190.43,-30.20,49.34,-30.44
3,56539,0,0.000000
4,56540,0,0.000000
5,56542,0,1.587301
6,56544,0,1.587301
0,56551,4,206.91,218.14,1132.57,-155.64,-1.83,-34.79,18.51,33.56,-28.22
1,56561,4,236.57,-57.25,1168.82,-25.63,93.38,-91.55,20.00,21.45,-20.47
2,56571,6,-321.53,50.66,1040.53,294.19,134.89,-116.58,-30.30,48.77,-31.46
3,56582,0,0.000000
4,56584,0,0.000000
5,56585,1,1.285856
6,56587,0,0.787402
0,56591,4,399.66,53.34,1231.69,10.99,321.04,-371.09,18.84,34.18,-29.69
1,56601,4,402.83,-237.79,1292.48,185.55,340.58,-302.73,20.13,22.12,-21.09
2,56611,5,-336.91,-156.62,1360.11,360.72,182.50,-209.96,-30.10,49.49,-31.46
3,56626,0,0.000000
4,56628,0,0.000000
5,56629,1,0.688299
6,56631,0,0.293830
0,56634,4,476.07,-76.90,926.03,-302.12,60.42,-407.10,18.84,34.18,-29.69
1,56644,4,341.06,-252.69,1137.82,-286.25,-68.36,-285.64,19.97,22.33,-21.02
2,56654,4,-316.77,-93.51,1009.40,-405.27,-87.28,-458.98,-30.73,48.54,-31.84
3,56665,0,0.000000
4,56667,0,0.000000
5,56668,1,0.787402
6,56670,0,0.293830
0,56674,4,304.69,-79.47,806.88,-466.92,-224.00,-37.23,18.13,34.00,-30.13
1,56684,3,164.92,-78.25,723.14,-776.37,-199.58,-56.76,19.97,22.33,-21.02
2,56697,3,-98.75,77.15,540.65,-527.95,171.51,-472.41,-30.73,48.54,-31.84
3,56707,0,0.000000
4,56708,1,0.000000
5,56710,0,0.787402
6,56712,0,0.293830
0,56715,5,183.23,145.14,615.36,-283.20,-73.85,-27.47,17.36,32.53,-30.32
1,56725,5,156.74,-27.47,629.27,-150.15,12.82,-134.28,18.88,19.91,-22.88
2,56736,4,-145.39,51.88,580.93,87.28,50.66,-189.21,-31.08,45.19,-33.44
3,56747,0,0.000000
4,56748,0,0.000000
5,56750,0,0.688299
6,56752,0,0.195695
0,56755,4,242.31,109.25,683.59,117.80,84.84,-241.09,17.22,31.52,-30.32
1,56769,4,253.91,25.27,770.14,253.30,120.85,-248.41,19.14,18.73,-22.25
2,56779,5,-75.93,98.27,771.36,430.91,10.99,-170.29,-30.87,46.28,-33.36
3,56790,0,0.000000
4,56792,0,0.000000
5,56793,1,0.688299
6,56795,0,0.195695
0,56799,4,328.86,179.69,676.51,116.58,265.50,-284.42,18.42,32.41,-29.88
1,56809,4,334.72,-19.78,838.26,206.30,274.66,-194.09,19.24,20.52,-23.38
2,56819,4,-97.05,118.77,845.21,377.81,100.10,-40.28,-30.59,47.02,-32.53
3,56829,0,0.000000
4,56835,1,0.000000
5,56837,0,0.688299
6,56839,0,0.293830
0,56842,5,363.65,147.34,803.71,200.20,162.35,-79.35,18.04,33.41,-28.92
1,56852,5,263.18,10.25,911.87,144.65,204.47,-105.59,19.78,21.14,-21.66
2,56863,4,-179.93,77.88,890.26,221.56,115.36,-28.69,-29.74,48.30,-32.42
3,56873,0,0.000000
4,56875,0,0.000000
5,56877,0,0.787402
6,56879,0,0.195695
0,56882,3,195.56,196.66,754.27,39.06,66.53,-22.58,18.04,33.41,-28.92
1,56891,4,219.85,68.73,817.38,-26.25,114.14,-68.97,19.71,21.00,-21.63
2,56905,3,-117.55,162.23,756.23,34.79,92.77,-76.90,-29.74,48.30,-32.42
3,56914,0,0.000000
4,56915,1,0.000000
5,56918,0,0.787402
6,56920,0,0.195695
0,56923,5,224.00,217.16,665.89,106.81,100.10,-154.42,18.26,32.73,-29.22
1,56933,4,217.53,56.40,850.22,194.09,-25.02,10.38,19.71,21.00,-21.63
2,56943,4,-208.25,196.66,853.03,214.84,-129.39,119.02,-29.64,47.88,-32.34
3,56953,0,0.000000
4,56954,0,0.000000
5,56956,0,0.787402
6,56958,0,0.195695
0,56962,4,293.70,206.79,976.07,391.85,-62.26,56.76,18.92,33.30,-29.80
1,56976,4,208.25,56.76,1146.85,209.96,-17.09,14.04,20.62,21.36,-22.96
2,56986,4,-316.16,194.21,1067.99,97.05,-47.00,94.60,-29.65,48.63,-32.76
3,56996,0,0.000000
4,56998,0,0.000000
5,56999,0,0.886699
6,57001,0,0.195695
0,57005,5,256.23,223.14,1116.94,137.33,-14.65,142.21,17.92,33.80,-29.86
1,57016,4,303.59,-41.99,1329.22,225.83,9.16,122.07,19.65,21.46,-22.09
2,57026,4,-265.50,105.35,1259.16,254.52,3.05,253.30,-29.47,48.82,-32.23
3,57036,0,0.000000
4,57037,0,0.000000
5,57039,0,0.787402
6,57047,0,0.097752
0,57051,4,436.77,259.77,1309.57,-45.78,156.86,187.99,18.92,33.09,-29.08
1,57061,4,387.70,-12.08,1329.22,-212.40,156.25,223.39,21.94,21.64,-22.22
2,57071,4,-280.15,111.21,1401.12,143.43,134.28,215.45,-28.60,50.17,-32.30
3,57081,0,1.185771
4,57083,0,0.000000
5,57085,0,0.392157
6,57086,0,0.097752
0,57091,3,420.04,248.05,1018.43,-181.27,84.84,218.51,18.92,33.09,-29.08
1,57100,4,409.18,23.68,1171.14,-186.77,-29.30,291.14,21.98,20.52,-21.07
2,57110,3,-147.83,78.86,1049.32,-158.69,165.41,222.78,-28.60,50.17,-32.30
3,57123,0,1.587301
4,57125,0,0.000000
5,57126,0,0.490677
6,57128,0,0.293830
0,57132,5,395.26,243.77,969.85,184.33,169.68,230.71,19.57,31.67,-29.72
1,57143,4,461.06,-49.32,1071.53,284.42,58.59,236.21,22.85,20.14,-21.63
2,57153,4,-117.68,-88.01,1150.27,316.77,-88.50,386.35,-27.97,48.85,-32.86
3,57163,0,1.185771
4,57165,0,0.000000
5,57166,0,0.589391
6,57168,0,0.392157
0,57171,6,642.21,57.37,1079.59,496.83,187.99,-38.45,20.36,31.79,-29.64
1,57183,3,583.86,-216.92,1262.94,585.94,-56.15,158.69,22.85,20.14,-21.63
2,57196,4,-194.46,-205.81,1394.04,106.20,-235.60,269.78,-26.78,49.50,-33.18
3,57206,0,1.185771
4,57208,0,0.000000
5,57209,0,0.688299
6,57211,0,0.490677
0,57214,6,608.76,19.17,938.72,-45.78,-145.26,271.61,20.87,32.67,-27.61
1,57225,5,498.05,-84.59,965.94,-374.15,-278.32,364.99,23.27,20.86,-20.63
2,57236,4,-37.11,-57.50,925.17,-705.57,40.28,83.01,-26.67,49.35,-33.12
3,57246,0,0.986193
4,57247,1,0.000000
5,57249,0,0.787402
6,57251,0,0.490677
0,57254,6,381.71,187.38,553.22,-429.69,-79.96,516.36,21.15,30.00,-28.98
1,57269,4,299.56,41.63,632.69,-584.11,-180.66,484.01,23.62,18.47,-21.34
2,57279,5,-28.81,38.94,615.72,-671.39,164.79,93.38,-25.43,46.15,-33.34
3,57289,0,0.490677
4,57291,0,0.097752
5,57293,0,0.986193
6,57295,0,0.589391
0,57298,5,252.44,186.52,610.72,163.57,-48.22,542.60,21.42,27.91,-28.52
1,57309,5,205.32,29.79,705.93,110.47,-3.05,399.17,23.51,15.87,-22.03
2,57319,5,-174.93,36.62,616.82,-43.95,76.29,362.55,-24.63,44.90,-34.13
3,57329,0,0.293830
4,57335,0,0.000000
5,57336,1,1.185771
6,57338,0,0.787402
0,57342,4,164.18,244.38,731.93,281.37,158.08,247.80,21.42,27.91,-28.52
1,57352,4,305.30,-23.93,828.61,350.95,112.92,111.69,24.01,15.42,-21.79
2,57362,3,-266.48,58.96,881.96,274.05,-108.03,323.49,-24.63,44.90,-34.13
3,57371,0,0.000000
4,57372,1,0.000000
5,57374,0,1.185771
6,57376,0,1.185771
0,57379,5,319.95,51.27,799.93,270.39,72.63,89.11,21.69,27.20,-28.17
1,57390,5,238.77,-68.97,958.25,146.48,-70.80,155.64,25.05,15.70,-23.12
2,57401,4,-305.54,42.60,781.25,-190.43,51.27,128.17,-24.30,46.09,-34.89
3,57414,0,0.000000
4,57416,0,0.000000
5,57418,0,1.185771
6,57419,0,1.386138
0,57423,4,148.56,168.82,674.68,-12.21,136.72,319.21,22.30,27.50,-27.82
1,57434,3,132.32,-7.20,695.92,-53.10,1.83,166.63,25.05,15.70,-23.12
2,57443,4,-253.54,72.88,696.66,124.51,-161.13,178.83,-23.62,45.59,-35.16
3,57453,0,0.000000
4,57455,0,0.000000
5,57456,0,1.285856
6,57458,0,1.789265
0,57461,5,147.95,137.57,823.97,474.24,-182.50,99.49,22.36,27.39,-28.12
1,57476,5,78.61,-0.37,1004.39,408.33,-218.51,-6.10,24.79,14.90,-21.72
2,57486,5,-365.48,125.37,906.49,191.04,-263.67,9.16,-23.65,45.94,-34.36
3,57496,1,0.000000
4,57498,0,0.000000
5,57500,0,1.285856
6,57501,1,2.093719
0,57505,4,84.96,198.61,959.23,170.29,-195.92,56.76,21.70,28.50,-28.32
1,57516,4,128.05,79.83,952.76,-35.40,-104.98,-41.50,25.16,16.11,-21.98
2,57526,5,-284.91,189.70,791.02,89.72,-111.69,-30.52,-23.51,46.36,-34.24
3,57536,0,0.000000
4,57538,0,0.000000
5,57539,1,1.386138
6,57541,0,2.297702
0,57548,4,205.93,219.24,883.91,170.90,-23.80,-83.01,21.70,28.50,-28.32
1,57559,4,171.88,104.61,1109.62,231.32,-20.75,-35.40,24.57,16.26,-22.01
2,57569,3,-334.84,238.89,983.76,351.56,-109.86,54.93,-23.51,46.36,-34.24
3,57578,0,0.000000
4,57579,0,0.000000
5,57581,0,1.386138
6,57583,0,2.297702
0,57586,5,145.26,334.23,955.44,160.52,-47.00,-108.64,21.61,28.19,-28.16
1,57596,6,200.07,127.56,1139.65,193.48,-48.22,-160.52,23.97,16.64,-20.47
2,57608,4,-293.33,204.96,1107.67,177.00,-175.17,-45.17,-25.28,47.31,-33.53
3,57621,1,0.000000
4,57623,0,0.000000
5,57625,0,1.386138
6,57626,1,2.297702
0,57630,4,278.56,213.50,1212.04,139.77,-51.27,-29.30,21.62,28.76,-29.02
1,57640,5,254.39,22.46,1289.18,65.31,52.49,-84.84,24.00,17.15,-21.03
2,57651,5,-419.43,146.00,1216.19,40.28,48.83,-31.74,-24.88,47.31,-33.02
3,57661,0,0.000000
4,57663,0,0.000000
5,57664,1,1.085883
6,57666,0,1.688183
0,57670,4,168.95,238.89,1141.97,21.97,-43.95,-33.57,20.75,28.63,-29.72
1,57680,3,162.11,0.24,1262.33,-16.48,-52.49,-114.14,24.00,17.15,-21.03
2,57694,4,-428.71,111.82,1136.47,80.57,-48.22,-147.71,-24.54,47.55,-33.20
3,57704,0,0.000000
4,57705,0,0.000000
5,57707,0,1.486620
6,57709,0,1.386138
0,57712,5,251.83,172.00,1326.90,61.04,20.75,-177.61,21.25,28.74,-29.32
1,57722,6,286.38,-111.21,1371.09,36.62,147.09,-198.97,24.38,17.03,-22.56
2,57734,4,-405.03,-38.09,1293.09,238.04,161.74,-196.53,-24.48,47.99,-33.56
3,57744,0,0.000000
4,57745,0,0.000000
5,57747,0,1.285856
6,57749,0,0.688299
0,57752,4,399.66,45.78,1195.43,-83.62,220.95,-432.74,21.81,29.77,-29.10
1,57766,5,374.76,-270.63,1216.55,-43.95,146.48,-379.64,24.69,17.37,-21.07
2,57777,5,-373.17,-231.20,1194.95,112.92,31.74,-377.20,-24.41,48.41,-33.69
3,57787,1,0.000000
4,57789,0,0.000000
5,57791,0,0.589391
6,57792,1,0.293830
0,57796,3,453.49,-145.87,1001.22,-224.00,-28.08,-482.18,21.81,29.77,-29.10
1,57805,5,334.11,-276.25,1070.19,-335.08,-117.80,-310.67,24.06,17.46,-22.25
2,57817,3,-305.18,-161.62,995.48,-186.77,-34.18,-449.22,-24.41,48.41,-33.69
3,57826,0,0.000000
4,57831,0,0.000000
5,57833,0,0.589391
6,57834,1,0.293830
0,57838,4,247.92,-46.39,783.45,-395.51,-151.37,-184.94,22.09,29.57,-28.98
1,57848,5,204.47,-146.85,821.17,-489.50,-137.94,-135.50,23.44,16.58,-22.35
2,57860,4,-228.76,13.67,670.29,-386.96,62.87,-427.25,-24.88,47.08,-33.39
3,57870,0,0.000000
4,57871,0,0.000000
5,57873,0,0.589391
6,57875,0,0.293830
0,57878,4,181.40,71.90,637.70,-308.84,-19.53,-33.57,21.96,27.86,-29.38
1,57888,4,175.42,-28.69,635.38,-419.92,32.96,-89.72,23.74,15.63,-23.63
2,57903,4,-151.86,9.03,548.46,-148.32,194.70,-241.09,-25.18,45.69,-34.27
3,57913,0,0.000000
4,57915,0,0.000000
5,57916,1,0.688299
6,57918,0,0.293830
0,57921,5,260.13,78.37,721.56,191.04,122.07,-200.20,21.58,27.67,-28.78
1,57932,3,241.82,-68.36,823.85,369.87,144.65,-172.12,23.74,15.63,-23.63
2,57942,4,-209.35,-6.96,833.62,585.33,32.96,-17.09,-25.20,45.80,-33.58
3,57952,0,0.000000
4,57953,1,0.000000
5,57955,0,0.589391
6,57957,0,0.195695
0,57960,5,279.42,119.63,881.71,61.04,180.66,-270.39,21.68,28.89,-27.95
1,57974,5,318.24,-16.72,941.28,22.58,217.90,-233.15,24.11,16.70,-23.45
2,57985,5,-118.16,24.41,956.91,104.37,140.38,-168.46,-24.30,46.77,-33.19
3,57995,1,0.000000
4,57997,0,0.000000
5,57999,0,0.688299
6,58000,1,0.195695
0,58004,3,344.36,110.23,672.73,-52.49,50.66,-157.47,21.68,28.89,-27.95
1,58013,4,254.52,7.93,780.40,-51.88,-7.93,-53.71,24.65,17.20,-22.23
2,58023,4,-146.48,51.39,762.82,-7.32,34.18,-93.38,-24.30,46.77,-33.19
3,58033,0,0.000000
4,58035,0,0.000000
5,58036,0,0.589391
6,58042,0,0.195695
0,58045,5,219.85,186.04,666.63,26.25,-25.63,23.19,22.29,28.94,-26.51
1,58055,5,243.41,35.64,778.20,28.08,-15.26,-1.83,23.83,16.86,-22.01
2,58065,6,-148.19,126.22,757.93,39.67,24.41,-14.65,-24.48,46.28,-32.63
3,58076,0,0.000000
4,58078,0,0.000000
5,58080,0,0.688299
6,58081,0,0.195695
0,58085,4,201.05,229.49,769.53,51.88,1.22,112.30,22.25,28.96,-28.26
1,58095,4,167.97,107.06,881.47,-21.36,54.32,73.85,23.99,17.04,-22.06
2,58105,4,-198.85,205.81,793.82,-34.18,131.84,45.17,-24.94,46.15,-33.96
3,58120,0,0.000000
4,58121,0,0.000000
5,58123,0,0.688299
6,58125,0,0.195695
0,58128,4,138.92,254.88,828.61,108.03,67.75,180.66,22.09,28.59,-28.39
1,58138,4,190.19,71.78,970.83,180.66,93.99,100.71,23.65,17.38,-22.01
2,58148,5,-244.38,174.93,967.41,224.61,34.79,200.81,-24.67,46.42,-33.47
3,58159,0,0.000000
4,58161,0,0.000000
5,58162,1,0.787402
6,58164,0,0.293830
0,58168,4,275.63,240.97,1138.43,170.29,190.43,173.95,22.53,28.43,-28.15
1,58178,3,322.51,59.81,1205.32,194.09,219.12,200.81,23.65,17.38,-22.01
2,58191,4,-234.25,95.58,1200.68,175.17,161.74,299.68,-24.44,46.69,-33.03
3,58202,0,0.000000
4,58203,1,0.000000
5,58205,0,0.787402
6,58207,0,0.097752
0,58210,5,453.00,265.14,1188.96,206.91,288.70,224.61,22.63,29.09,-26.59
1,58220,5,428.71,2.32,1405.40,286.25,204.47,252.69,24.79,17.71,-21.81
2,58231,4,-304.69,41.87,1470.83,225.83,51.27,382.69,-24.30,47.73,-32.26
3,58242,0,1.185771
4,58243,0,0.000000
5,58245,0,0.392157
6,58247,0,0.097752
0,58250,3,521.12,219.12,1287.60,215.45,138.55,253.91,22.63,29.09,-26.59
1,58263,4,491.58,-102.05,1325.56,134.28,96.44,261.23,25.04,18.10,-20.19
2,58273,4,-197.75,-106.81,1340.45,88.50,83.01,295.41,-24.30,47.73,-32.26
3,58283,0,1.285856
4,58285,0,0.000000
5,58287,0,0.589391
6,58288,1,0.293830
0,58292,4,574.83,116.46,1140.38,257.57,240.48,90.94,22.86,29.08,-26.35
1,58302,4,553.83,-212.16,1281.86,327.76,17.09,202.64,25.54,18.25,-19.95
2,58312,5,-226.81,-235.60,1388.06,140.99,-188.60,323.49,-24.26,48.56,-32.73
3,58322,1,1.285856
4,58324,0,0.000000
5,58331,0,0.688299
6,58332,0,0.392157
0,58336,4,610.84,-39.06,1011.72,-4.27,-204.47,198.36,23.28,29.52,-28.27
1,58346,4,459.59,-169.80,1139.40,-182.50,-376.59,276.49,24.68,18.27,-21.48
2,58356,5,-194.82,-131.23,966.67,-734.86,-86.06,-8.54,-24.01,48.75,-33.36
3,58366,2,1.386138
4,58369,0,0.000000
5,58371,0,0.688299
6,58372,1,0.490677
0,58376,4,390.99,107.30,770.02,-402.22,-213.01,386.96,22.33,28.32,-27.70
1,58386,4,343.51,-39.67,725.46,-606.08,-209.35,319.21,24.12,15.88,-22.46
2,58396,5,-18.07,-25.15,696.29,-1002.81,280.76,-148.93,-24.27,45.54,-34.67
3,58411,0,1.185771
4,58413,0,0.000000
5,58415,0,0.688299
6,58416,0,0.688299
0,58420,4,279.54,165.53,542.72,-263.67,-4.88,255.13,22.42,26.93,-26.92
1,58430,3,168.58,69.70,622.44,-302.12,-84.23,277.71,24.12,15.88,-22.46
2,58439,4,-116.82,66.65,534.30,-288.70,109.25,31.13,-24.01,42.77,-35.28
3,58449,0,0.688299
4,58451,0,0.000000
5,58452,2,0.787402
6,58455,0,0.787402
0,58459,3,217.65,73.36,727.78,329.59,-27.47,263.67,22.42,26.93,-26.92
1,58471,5,166.50,-94.48,827.76,299.07,86.67,136.11,24.46,13.87,-23.35
2,58482,3,-179.69,-49.80,708.50,357.67,59.81,199.58,-24.01,42.77,-35.28
3,58490,1,0.293830
4,58492,0,0.000000
5,58494,0,0.787402
6,58497,0,0.986193
0,58500,4,313.35,69.95,947.27,342.41,403.44,-103.15,22.25,26.97,-27.75
1,58510,5,264.65,-141.97,1006.59,518.19,402.83,-53.10,25.12,15.54,-23.41
2,58520,5,-254.64,-35.03,1028.93,805.05,9.77,165.41,-23.39,44.54,-35.28
3,58530,1,0.097752
4,58532,0,0.000000
5,58534,0,0.886699
6,58540,1,1.285856
0,58544,4,264.77,31.74,629.64,102.54,51.88,-87.89,22.92,28.39,-27.72
1,58554,4,233.28,-87.52,889.28,31.74,-177.00,-12.82,25.23,16.78,-21.80
2,58564,4,-236.82,39.43,725.22,-191.04,-126.34,-14.65,-23.68,47.84,-33.97
3,58574,0,0.000000
4,58576,0,0.000000
5,58577,1,0.986193
6,58579,0,1.486620
0,58584,4,208.86,78.25,704.22,173.95,-157.47,204.47,22.95,28.88,-27.64
1,58594,4,109.01,59.94,771.36,-28.08,-106.81,84.84,24.85,16.16,-22.17
2,58604,4,-253.42,181.76,729.25,-65.31,-74.46,12.82,-24.69,47.24,-34.07
3,58618,0,0.000000
4,58619,0,0.000000
5,58621,0,1.085883
6,58624,0,1.890547
0,58627,4,22.95,273.68,723.39,165.41,-233.15,17.09,22.31,28.65,-28.02
1,58637,5,50.78,151.49,783.81,92.16,-230.10,-79.35,23.74,16.52,-22.24
2,58647,5,-226.93,225.10,674.07,171.51,-297.85,-118.41,-26.06,46.84,-34.00
3,58657,0,0.000000
4,58659,0,0.000000
5,58661,0,1.285856
6,58662,1,2.093719
0,58667,4,142.21,261.35,900.02,413.21,-182.50,-227.05,21.30,29.93,-28.64
1,58677,3,156.74,86.55,1106.93,579.22,-90.33,-242.92,23.74,16.52,-22.24
2,58690,4,-329.22,198.12,1170.41,546.88,-209.96,3.05,-26.93,48.84,-32.78
3,58700,0,0.000000
4,58702,0,0.000000
5,58703,1,1.386138
6,58705,0,2.605211
0,58708,5,292.72,246.22,1178.59,40.28,1.22,-79.35,21.30,29.93,-28.64
1,58719,4,172.97,82.40,1189.09,-181.88,126.95,-115.36,22.83,19.20,-21.33
2,58729,3,-376.10,206.67,1236.45,79.35,98.27,-110.47,-26.93,48.84,-32.78
3,58738,0,0.000000
4,58739,1,0.000000
5,58741,0,1.486620
6,58743,0,2.605211
0,58746,6,226.93,246.70,1128.17,12.21,-134.28,-112.92,20.84,30.62,-28.43
1,58761,5,202.39,29.42,1217.29,68.36,-59.81,-171.51,23.27,19.25,-21.95
2,58771,5,-385.38,86.91,1175.78,169.07,-57.37,-134.89,-26.72,49.44,-33.15
3,58782,0,0.000000
4,58783,0,0.000000
5,58785,0,1.285856
6,58787,0,1.992032
0,58790,5,289.92,178.83,1287.11,45.17,-53.71,-164.18,20.32,31.98,-29.64
1,58801,5,279.91,-22.71,1391.60,14.04,13.43,-242.31,23.03,19.67,-22.35
2,58811,5,-379.27,36.25,1308.84,79.35,-7.93,-250.24,-27.97,50.42,-32.43
3,58821,0,0.000000
4,58827,0,0.000000
5,58828,1,1.486620
6,58830,0,1.587301
0,58834,5,338.75,126.59,1289.43,-79.96,-23.19,-227.05,20.92,31.86,-29.69
1,58845,4,289.31,-86.55,1353.15,-97.66,54.32,-231.32,23.01,20.24,-23.24
2,58855,4,-366.46,-64.09,1187.62,87.28,151.98,-251.46,-27.84,50.70,-31.98
3,58865,0,0.000000
4,58867,0,0.000000
5,58868,1,1.486620
6,58870,0,1.085883
0,58873,5,378.30,17.94,1141.11,-142.21,191.65,-352.78,20.52,32.93,-29.42
1,58885,4,344.12,-227.78,1191.04,-70.80,231.32,-339.36,22.85,20.39,-22.20
2,58899,4,-355.10,-244.75,1185.18,142.82,116.58,-319.82,-27.65,50.50,-32.54
3,58909,0,0.000000
4,58911,0,0.000000
5,58912,0,0.787402
6,58914,0,0.392157
0,58917,6,412.60,-130.98,879.27,-333.86,-42.11,-508.42,20.68,33.02,-29.63
1,58929,3,299.32,-262.57,998.17,-374.15,-181.27,-331.42,22.85,20.39,-22.20
2,58938,3,-335.69,-196.17,908.94,-364.99,-90.94,-582.28,-27.65,50.50,-32.54
3,58947,0,0.000000
4,58949,0,0.000000
5,58950,1,0.589391
6,58952,0,0.293830
0,58956,3,291.14,-148.56,830.57,-473.63,-205.69,-253.91,20.68,33.02,-29.63
1,58970,4,173.22,-182.01,722.78,-679.32,-130.00,-54.32,22.44,20.20,-22.85
2,58980,4,-240.11,-110.35,703.49,-668.33,291.75,-487.67,-28.85,50.05,-32.58
3,58990,0,0.000000
4,58992,0,0.000000
5,58993,0,0.589391
6,58995,0,0.293830
0,58998,5,279.17,109.01,797.12,-192.87,-19.53,-83.01,19.80,32.09,-30.07
1,59010,4,171.75,-41.26,837.04,-178.22,55.54,-177.00,21.23,19.29,-24.10
2,59020,4,-182.86,-72.02,708.01,114.75,179.44,-229.49,-28.45,47.62,-33.70
3,59030,0,0.000000
4,59032,0,0.000000
5,59037,0,0.688299
6,59039,0,0.293830
0,59042,4,313.72,54.20,779.30,173.95,86.06,-373.54,20.06,31.56,-30.52
1,59053,4,303.71,-125.61,948.12,319.82,114.14,-328.37,20.90,19.63,-22.84
2,59063,5,-162.35,-57.01,951.90,468.14,-48.83,-187.38,-28.22,48.78,-33.37
3,59073,1,0.000000
4,59075,0,0.000000
5,59077,0,0.688299
6,59078,1,0.293830
0,59082,4,400.88,36.99,808.59,103.15,132.45,-285.64,19.96,32.93,-29.66
1,59092,5,356.69,-67.38,885.62,111.08,155.03,-208.13,21.59,21.42,-23.07
2,59103,5,-68.60,6.59,879.76,208.13,82.40,-83.62,-27.95,49.49,-32.50
3,59117,0,0.000000
4,59118,1,0.000000
5,59120,0,0.688299
6,59122,0,0.195695
