id,t,dt,ax,ay,az,gx,gy,gz,mx,my,mz
-1,119,119,119.0,119.0,119.0,119.0,20.0,20.0,20.0,13:48:43,04 21 2021
0,214310,5,62.26,-519.17,846.56,42.72,14.65,-0.61,28.8,45.96,-28.69
1,214322,5,-131.84,95.46,1031.62,6.71,-1.22,16.48,0.51,34.17,-30.94
2,214334,5,82.28,-157.47,979.49,-3.66,-17.09,-17.7,-8.41,68.40,-30.55
3,214346,0,1.386138,,,,,,,,
4,214348,0,0.0,,,,,,,,
5,214349,0,10.942579,,,,,,,,
6,214351,0,4.918033,,,,,,,,
0,214355,5,60.18,-518.92,845.95,38.45,12.82,0.0,28.63,46.34,-29.33
1,214367,5,-132.69,93.02,1032.71,8.54,1.22,17.7,-0.48,34.02,-30.65
2,214384,4,85.21,-184.08,978.39,-7.32,-29.91,-15.26,-8.33,67.42,-31.18
3,214395,1,1.386138,,,,,,,,
4,214397,0,0.0,,,,,,,,
5,214400,0,10.942579,,,,,,,,
6,214402,0,4.918033,,,,,,,,
0,214405,5,55.18,-510.86,852.17,36.62,11.6,-2.44,28.91,46.00,-28.61
1,214417,4,-134.77,93.99,1023.07,9.16,0.0,19.53,-0.42,34.20,-30.80
2,214429,4,71.41,-138.31,961.55,-20.14,-49.44,-70.19,-9.07,67.98,-31.05
3,214440,1,1.386138,,,,,,,,
4,214443,0,0.0,,,,,,,,
5,214445,0,10.942579,,,,,,,,
6,214447,0,4.918033,,,,,,,,
0,214450,5,45.78,-527.71,851.32,52.49,122.68,-24.41,29.3,45.80,-29.74
1,214467,4,-136.84,97.78,1028.08,39.06,12.82,31.74,-0.79,34.16,-30.55
2,214479,4,75.56,-204.35,990.48,-12.21,-78.74,-18.31,-9.38,67.81,-31.03
3,214491,0,1.48662,,,,,,,,
4,214493,0,0.0,,,,,,,,
5,214495,0,10.942579,,,,,,,,
6,214497,0,4.810645,,,,,,,,
0,214500,5,76.17,-524.66,842.41,61.04,150.15,-27.47,30.08,44.74,-29.54
1,214512,4,-133.67,93.87,1031.01,31.74,18.92,34.18,-0.1,33.58,-30.48
2,214524,4,80.32,-99.61,1043.82,-59.81,-158.69,-86.67,-9.38,67.81,-31.03
3,214540,0,1.48662,,,,,,,,
4,214542,0,0.0,,,,,,,,
5,214543,1,10.942579,,,,,,,,
6,214545,1,4.703476,,,,,,,,
0,214549,4,80.57,-518.07,824.95,42.72,149.54,-20.14,30.44,44.68,-27.99
1,214561,4,-130.86,90.45,1047.61,53.1,18.92,32.96,-0.84,34.40,-29.49
2,214574,4,143.19,-309.33,1055.42,-84.84,-267.94,-86.67,-10.35,66.91,-31.84
3,214585,0,1.48662,,,,,,,,
4,214587,0,0.0,,,,,,,,
5,214589,0,10.942579,,,,,,,,
6,214591,0,4.596527,,,,,,,,
0,214594,5,105.83,-505.49,833.37,61.04,84.23,-7.32,31.15,44.85,-28.60
1,214611,5,-113.65,90.45,1075.32,21.36,-13.43,23.8,0.04,34.11,-30.40
2,214624,4,255.98,-182.86,1058.47,-187.99,-598.75,-231.32,-11.17,67.35,-31.87
3,214635,0,1.386138,,,,,,,,
4,214637,0,0.0,,,,,,,,
5,214639,0,10.942579,,,,,,,,
6,214641,0,4.703476,,,,,,,,
0,214644,5,97.41,-483.64,861.08,109.25,-21.97,-48.83,31.27,45.72,-28.32
1,214657,5,-117.31,24.29,1148.8,-22.58,-63.48,10.38,-0.62,34.35,-30.93
2,214669,4,107.91,-140.14,1171.26,-166.63,-964.97,-275.88,-14.75,66.89,-34.16
3,214685,1,1.285856,,,,,,,,
4,214687,0,0.0,,,,,,,,
5,214689,0,11.183497,,,,,,,,
6,214691,0,5.025641,,,,,,,,
0,214694,6,-50.05,-307.5,1125.49,333.86,28.08,-106.2,30.16,46.20,-27.76
1,214707,5,66.04,320.68,1998.05,132.45,-722.05,28.08,-1.5,33.73,-29.93
2,214719,5,73.36,130.37,1538.45,-124.51,-989.99,-535.89,-19.45,65.41,-35.11
3,214731,0,1.185771,,,,,,,,
4,214733,0,0.0,,,,,,,,
5,214735,0,11.062907,,,,,,,,
6,214736,1,5.13347,,,,,,,,
0,214740,5,337.77,-308.11,1143.92,1500.85,-65.31,-166.02,29.59,49.44,-25.98
1,214758,4,-44.68,-138.55,1755.0,-136.72,-1660.16,73.85,-4.99,34.25,-29.02
2,214770,4,-1.34,-237.92,1241.46,-74.46,-1011.35,-71.41,-25.02,65.66,-35.21
3,214781,1,1.185771,,,,,,,,
4,214784,0,0.0,,,,,,,,
5,214786,0,10.344828,,,,,,,,
6,214788,0,4.918033,,,,,,,,
0,214791,5,225.1,-1115.84,961.06,1802.37,197.75,-505.37,29.03,54.39,-22.77
1,214803,5,314.33,-238.65,395.26,-92.77,-1707.76,-149.54,-12.45,33.67,-28.83
2,214816,4,221.07,-107.18,274.29,-10.99,-554.2,-95.21,-29.13,64.75,-34.84
3,214833,0,1.285856,,,,,,,,
4,214835,0,0.0,,,,,,,,
5,214836,1,9.518717,,,,,,,,
6,214838,0,4.276986,,,,,,,,
0,214842,4,579.83,126.46,1085.08,522.46,-5.49,-6.1,28.43,59.51,-18.46
1,214854,4,794.31,-290.16,336.06,-21.97,-67.14,94.6,-17.72,32.96,-25.90
2,214866,5,382.57,-30.03,327.03,204.47,505.37,144.04,-30.57,64.64,-33.84
3,214878,0,1.285856,,,,,,,,
4,214880,0,0.0,,,,,,,,
5,214882,0,9.401709,,,,,,,,
6,214884,0,3.853955,,,,,,,,
0,214887,4,77.76,144.53,888.92,-252.08,183.72,156.25,28.32,59.74,-17.71
1,214904,4,314.21,101.68,727.17,315.55,374.76,-40.28,-17.24,33.26,-25.85
2,214917,4,-1.22,-15.01,611.69,200.2,1225.59,72.63,-28.52,65.86,-32.89
3,214928,0,1.285856,,,,,,,,
4,214930,0,0.0,,,,,,,,
5,214932,0,9.168444,,,,,,,,
6,214934,0,3.748734,,,,,,,,
0,214937,4,101.81,-470.09,851.81,-1354.98,226.44,317.38,30.65,58.74,-19.41
1,214949,6,45.53,207.03,963.01,195.31,1486.82,-14.04,-14.94,34.13,-26.71
2,214962,4,0.49,57.62,927.12,22.58,1514.89,31.74,-23.46,66.69,-33.14
3,214978,0,1.285856,,,,,,,,
4,214980,0,0.0,,,,,,,,
5,214982,0,9.168444,,,,,,,,
6,214983,1,3.538928,,,,,,,,
0,214987,4,117.31,-699.58,872.8,-1422.12,149.54,397.34,32.7,54.52,-22.52
1,215000,4,-204.71,24.05,1372.92,282.59,1517.94,26.86,-10.01,35.69,-27.75
2,215012,4,45.53,-98.02,1174.19,73.24,1655.27,274.66,-16.37,67.37,-33.75
3,215024,0,1.285856,,,,,,,,
4,215025,1,0.0,,,,,,,,
5,215027,0,9.168444,,,,,,,,
6,215029,0,3.538928,,,,,,,,
0,215033,4,157.59,-839.36,951.29,-1197.51,274.05,463.87,33.87,49.72,-24.52
1,215050,5,-330.69,34.3,1481.57,402.22,1245.12,104.98,-4.44,37.10,-29.93
2,215062,5,81.91,-158.08,1278.93,40.89,1589.97,140.99,-10.5,67.64,-33.03
3,215074,0,1.285856,,,,,,,,
4,215076,0,0.0,,,,,,,,
5,215077,1,9.052183,,,,,,,,
6,215079,0,3.643725,,,,,,,,
0,215084,4,200.56,-963.75,972.29,-970.46,301.51,419.31,35.52,45.41,-25.38
1,215096,4,-357.42,86.43,1271.36,397.34,1102.91,67.75,0.55,39.61,-30.52
2,215108,4,27.59,-65.67,1214.48,43.33,1466.67,166.63,-4.33,68.41,-30.83
3,215124,0,1.185771,,,,,,,,
4,215127,0,0.0,,,,,,,,
5,215128,1,9.052183,,,,,,,,
6,215130,0,3.748734,,,,,,,,
0,215134,4,91.92,-1054.44,766.36,-1123.66,197.75,482.18,36.77,41.67,-25.57
1,215146,4,-593.87,-198.36,1280.76,381.47,1296.39,92.77,4.69,40.76,-28.71
2,215158,4,-14.77,-264.28,1273.93,192.26,1220.09,62.87,0.45,68.64,-28.48
3,215170,1,1.185771,,,,,,,,
4,215172,0,0.0,,,,,,,,
5,215174,0,9.052183,,,,,,,,
6,215176,0,3.853955,,,,,,,,
0,215179,5,-39.92,-1004.15,311.77,-817.87,456.54,191.04,37.49,37.93,-25.54
1,215196,4,-980.35,319.34,1047.85,429.08,645.75,-166.02,7.58,42.55,-27.39
2,215208,5,-245.36,-82.89,1148.8,142.82,366.82,-176.39,2.64,69.15,-26.04
3,215221,0,1.285856,,,,,,,,
4,215222,0,0.0,,,,,,,,
5,215224,0,9.052183,,,,,,,,
6,215226,0,3.643725,,,,,,,,
0,215229,5,129.88,-852.42,-236.82,139.16,-319.21,-47.0,37.54,36.89,-25.33
1,215241,5,-767.58,45.17,1093.75,-742.8,-744.63,31.13,6.49,42.41,-28.04
2,215254,5,494.38,0.98,895.87,224.61,-634.16,389.4,1.53,69.76,-26.64
3,215271,0,1.992032,,,,,,,,
4,215272,0,0.0,,,,,,,,
5,215274,0,8.016878,,,,,,,,
6,215276,0,2.093719,,,,,,,,
0,215279,5,51.27,-191.53,801.88,953.37,-757.45,-108.64,34.61,41.21,-26.50
1,215291,6,81.54,195.8,1005.74,-759.89,-1375.12,212.4,2.26,39.23,-30.96
2,215304,5,494.75,-31.01,1098.02,200.81,-507.2,518.8,1.93,69.38,-27.20
3,215316,0,1.890547,,,,,,,,
4,215318,0,0.0,,,,,,,,
5,215319,1,6.334372,,,,,,,,
6,215321,1,1.890547,,,,,,,,
0,215325,4,-101.2,-620.0,1126.71,1083.37,-392.46,-288.09,32.14,45.40,-27.43
1,215343,4,-280.4,127.69,927.25,-241.09,-857.54,185.55,-3.0,37.43,-32.10
2,215355,4,230.83,-115.48,1161.38,351.56,-610.96,299.68,1.44,69.19,-27.51
3,215366,0,1.992032,,,,,,,,
4,215368,0,0.0,,,,,,,,
5,215370,0,7.450158,,,,,,,,
6,215372,0,1.789265,,,,,,,,
0,215375,5,69.09,-546.51,927.0,724.49,58.59,-48.22,31.86,49.12,-26.32
1,215388,4,-291.63,-52.86,905.03,42.11,-328.37,43.33,-4.71,37.16,-31.82
2,215400,4,249.51,-548.71,930.3,294.8,-612.18,-47.61,-0.02,69.76,-27.22
3,215416,0,1.789265,,,,,,,,
4,215418,0,0.0,,,,,,,,
5,215420,0,9.753483,,,,,,,,
6,215422,0,2.297702,,,,,,,,
0,215426,5,243.53,-594.73,859.25,573.73,-114.75,-109.25,31.09,50.56,-24.45
1,215438,5,-142.58,50.54,1001.1,-191.04,-227.05,12.82,-6.37,36.13,-31.63
2,215450,5,143.92,-201.42,946.66,307.01,-621.95,126.95,-3.23,70.51,-27.72
3,215462,0,1.688183,,,,,,,,
4,215464,0,0.0,,,,,,,,
5,215465,2,10.344828,,,,,,,,
6,215468,0,3.748734,,,,,,,,
0,215472,3,62.62,-718.99,914.18,254.52,-265.5,-171.51,31.09,50.56,-24.45
1,215487,5,-156.49,114.75,1014.65,-95.83,-115.97,17.7,-7.07,35.77,-32.60
2,215499,5,141.97,10.86,1000.73,246.58,-549.93,-132.45,-5.59,72.03,-27.59
3,215512,0,1.587301,,,,,,,,
4,215514,0,0.0,,,,,,,,
5,215515,1,11.062907,,,,,,,,
6,215517,1,4.383283,,,,,,,,
0,215521,4,75.44,-543.7,848.02,114.14,-40.89,-10.99,30.54,51.34,-26.23
1,215533,4,-152.59,74.58,1023.93,-18.92,-65.92,37.23,-7.2,35.17,-31.69
2,215545,3,53.71,-367.31,950.81,227.66,-464.48,-186.16,-5.59,72.03,-27.59
3,215561,0,1.587301,,,,,,,,
4,215563,0,0.0,,,,,,,,
5,215564,1,11.668485,,,,,,,,
6,215566,1,4.703476,,,,,,,,
0,215570,4,77.15,-538.82,843.14,119.02,31.74,9.16,29.87,51.88,-26.53
1,215582,4,-154.3,108.4,1031.62,5.49,-22.58,39.06,-7.67,35.14,-32.62
2,215595,4,40.77,-194.7,949.95,150.76,-341.19,-371.09,-7.75,72.73,-26.42
3,215606,0,1.587301,,,,,,,,
4,215608,0,0.0,,,,,,,,
5,215610,0,12.157722,,,,,,,,
6,215612,0,4.918033,,,,,,,,
0,215615,5,106.69,-556.27,835.21,130.0,65.92,39.67,29.93,51.83,-26.12
1,215632,4,-163.21,46.02,1039.06,3.66,-21.97,30.52,-7.41,35.30,-31.57
2,215644,5,40.89,-337.4,965.58,115.36,-209.35,-246.58,-10.68,74.13,-27.60
3,215656,0,1.587301,,,,,,,,
4,215658,0,0.097752,,,,,,,,
5,215660,0,12.403952,,,,,,,,
6,215662,0,5.13347,,,,,,,,
0,215665,5,104.37,-536.62,832.28,89.72,-13.43,-18.92,30.02,52.16,-25.23
1,215677,6,-161.38,96.8,1033.2,-34.79,-36.01,25.02,-7.76,34.97,-31.73
2,215690,4,22.34,-253.91,950.2,95.21,-205.08,-210.57,-12.55,74.33,-28.09
3,215706,0,1.48662,,,,,,,,
4,215708,0,0.0,,,,,,,,
5,215710,0,12.775331,,,,,,,,
6,215712,0,5.349794,,,,,,,,
0,215715,5,69.46,-521.12,837.77,111.69,14.04,-17.7,29.96,53.31,-25.09
1,215728,4,-165.53,109.5,1023.93,-34.79,-29.91,32.96,-8.19,34.62,-31.75
2,215740,4,30.52,-195.92,972.29,62.26,-175.17,-287.48,-14.6,74.77,-27.89
3,215752,0,1.386138,,,,,,,,
4,215753,1,0.097752,,,,,,,,
5,215755,1,13.024283,,,,,,,,
6,215757,0,5.458291,,,,,,,,
0,215761,5,97.78,-571.9,812.62,123.9,47.61,-23.19,29.47,52.64,-25.17
1,215778,5,-170.17,85.57,1028.32,-17.09,-36.01,21.97,-8.06,35.00,-31.30
2,215790,5,0.12,-286.01,975.83,56.76,-208.74,-107.42,-16.37,75.89,-26.93
3,215802,0,1.386138,,,,,,,,
4,215804,0,0.097752,,,,,,,,
5,215805,1,13.274336,,,,,,,,
6,215808,0,5.56701,,,,,,,,
0,215812,4,94.24,-564.09,813.96,79.96,-19.53,-18.31,29.7,53.02,-24.44
1,215824,3,-172.36,104.61,1026.98,-18.31,-42.11,16.48,-8.06,35.00,-31.30
2,215835,4,-38.57,-252.69,966.8,33.57,-244.14,-130.62,-17.55,76.03,-27.29
3,215852,0,1.386138,,,,,,,,
4,215854,0,0.097752,,,,,,,,
5,215856,0,13.5255,,,,,,,,
6,215857,1,5.675955,,,,,,,,
0,215861,4,89.72,-551.27,817.75,82.4,-1.83,-2.44,29.36,54.27,-25.06
1,215873,4,-177.73,119.02,1024.66,-1.83,-43.95,17.7,-8.2,34.96,-32.37
2,215885,4,-67.26,-246.34,960.08,39.06,-224.61,-106.2,-18.96,76.34,-28.37
3,215897,1,1.386138,,,,,,,,
4,215899,0,0.0,,,,,,,,
5,215901,0,13.651498,,,,,,,,
6,215903,0,5.675955,,,,,,,,
0,215906,5,126.34,-573.61,803.34,76.29,-14.04,-19.53,28.59,53.59,-25.05
1,215923,4,-191.04,77.88,1001.71,-14.65,-46.39,25.63,-8.72,34.80,-32.18
2,215936,4,-108.4,-277.83,928.47,39.06,-206.91,79.35,-19.79,75.77,-27.83
3,215947,1,1.386138,,,,,,,,
4,215949,0,0.0,,,,,,,,
5,215951,0,13.651498,,,,,,,,
6,215953,0,5.894519,,,,,,,,
0,215956,5,78.61,-587.89,799.56,-3.66,-117.8,-40.28,28.37,54.10,-24.82
1,215968,5,-215.94,122.44,965.21,-70.8,-37.23,-31.74,-8.84,35.02,-33.06
2,215981,5,-134.77,-290.89,918.21,54.32,-219.73,137.33,-20.28,75.39,-26.66
3,215997,1,1.386138,,,,,,,,
4,215999,0,0.0,,,,,,,,
5,216001,0,13.651498,,,,,,,,
6,216003,0,6.004141,,,,,,,,
0,216006,5,7.32,-549.44,824.46,-52.49,-113.53,-17.7,26.78,54.94,-24.00
1,216018,6,-192.75,121.7,1052.73,-28.08,3.05,7.93,-9.02,33.84,-31.68
2,216031,4,-168.21,-246.7,1000.73,37.23,-172.73,-32.35,-20.64,75.81,-26.75
3,216043,0,1.386138,,,,,,,,
4,216045,0,0.0,,,,,,,,
5,216046,1,13.651498,,,,,,,,
6,216048,0,6.113989,,,,,,,,
0,216052,4,43.33,-557.86,829.47,19.53,-20.14,21.97,26.25,55.27,-25.85
1,216069,5,-191.89,101.32,1042.6,27.47,-17.7,4.88,-8.78,33.92,-32.65
2,216081,4,-122.56,-300.78,967.77,54.32,-108.03,-11.6,-21.06,76.15,-26.89
3,216093,0,1.386138,,,,,,,,
4,216095,0,0.0,,,,,,,,
5,216096,0,13.777779,,,,,,,,
6,216098,0,6.224066,,,,,,,,
0,216102,5,47.61,-555.05,832.76,81.79,8.54,-16.48,27.09,54.43,-26.53
1,216115,4,-189.82,125.37,1044.43,6.71,-40.28,8.54,-9.01,34.18,-32.84
2,216126,5,-156.98,-311.4,1027.59,48.22,-126.34,-105.59,-21.79,76.04,-26.04
3,216143,0,1.386138,,,,,,,,
4,216145,0,0.0,,,,,,,,
5,216146,0,13.904338,,,,,,,,
6,216148,0,6.444907,,,,,,,,
0,216153,4,39.06,-543.33,852.05,108.64,39.06,9.16,27.22,54.69,-26.78
1,216164,5,-191.04,156.74,1112.79,65.92,-108.03,24.41,-8.91,34.05,-31.54
2,216176,5,-115.11,-272.95,1020.75,25.63,-213.01,-162.35,-22.94,75.96,-26.21
3,216188,0,1.386138,,,,,,,,
4,216190,0,0.0,,,,,,,,
5,216193,0,14.158306,,,,,,,,
6,216194,1,6.444907,,,,,,,,
0,216198,4,46.02,-546.75,848.39,219.12,108.03,39.67,26.93,54.79,-26.11
1,216215,4,-211.3,115.48,1120.24,123.9,-241.09,54.32,-10.03,34.44,-32.03
2,216227,4,-164.18,-368.29,999.15,14.65,-264.89,-214.84,-25.1,75.79,-26.54
3,216239,0,1.285856,,,,,,,,
4,216241,0,0.0,,,,,,,,
5,216243,0,14.413409,,,,,,,,
6,216245,0,6.555671,,,,,,,,
0,216248,5,78.49,-566.53,831.18,354.0,70.8,-3.05,27.37,56.38,-25.28
1,216260,4,-225.1,107.91,1129.88,57.37,-357.67,44.56,-10.96,35.31,-31.04
2,216272,4,-166.99,-244.38,1052.49,-10.38,-333.86,-251.46,-27.16,76.29,-25.60
3,216306,1,1.185771,,,,,,,,
4,216308,0,0.0,,,,,,,,
5,216310,0,14.413409,,,,,,,,
6,216312,0,6.444907,,,,,,,,
0,216315,6,72.27,-583.62,831.91,611.57,144.65,-1.22,26.77,57.28,-23.14
1,216328,5,-270.14,93.87,1207.03,112.92,-570.68,59.2,-15.08,36.40,-28.69
2,216340,5,-202.03,-240.97,1050.42,-15.26,-484.62,-266.72,-29.28,75.93,-25.67
3,216352,0,1.085883,,,,,,,,
4,216354,0,0.0,,,,,,,,
5,216355,1,14.03118,,,,,,,,
6,216357,0,6.334372,,,,,,,,
0,216361,5,128.66,-625.73,789.79,898.44,114.14,-21.97,27.82,58.29,-21.36
1,216378,5,-293.46,41.99,1217.77,59.2,-796.51,76.9,-18.12,37.06,-26.43
2,216390,5,-188.72,-338.01,1065.92,-22.58,-592.04,-186.16,-31.93,75.11,-24.22
3,216402,0,0.886699,,,,,,,,
4,216404,0,0.0,,,,,,,,
5,216407,0,12.775331,,,,,,,,
6,216409,0,5.894519,,,,,,,,
0,216412,5,151.25,-676.88,737.18,1213.38,87.89,-120.85,27.99,59.89,-18.53
1,216424,3,-320.31,-39.43,1327.27,-25.63,-1116.33,-56.76,-18.12,37.06,-26.43
2,216435,5,-135.62,-303.1,1125.37,3.66,-723.27,-391.85,-35.39,74.48,-23.38
3,216453,0,0.0,,,,,,,,
4,216454,0,0.0,,,,,,,,
5,216456,0,12.527473,,,,,,,,
6,216458,0,6.224066,,,,,,,,
0,216461,5,92.04,-759.77,670.29,1694.34,29.91,-238.04,27.49,62.90,-14.28
1,216473,5,-303.47,16.36,1294.56,-145.26,-1514.28,-92.16,-22.41,35.78,-19.82
2,216485,6,-280.76,-324.83,1147.09,23.19,-715.33,-608.52,-39.64,73.00,-21.75
3,216498,0,0.0,,,,,,,,
4,216500,0,0.0,,,,,,,,
5,216501,1,12.651266,,,,,,,,
6,216503,1,6.444907,,,,,,,,
0,216512,4,52.25,-947.75,598.75,2178.34,166.63,-247.8,27.66,65.82,-7.13
1,216524,3,-398.56,214.84,1411.13,-198.97,-2078.86,-59.81,-22.41,35.78,-19.82
2,216536,4,-199.1,-58.11,1273.07,-28.08,-704.96,-897.22,-45.13,71.58,-19.69
3,216547,0,0.0,,,,,,,,
4,216549,0,0.0,,,,,,,,
5,216551,0,12.157722,,,,,,,,
6,216553,0,6.004141,,,,,,,,
0,216556,5,96.92,-1241.46,484.99,2541.5,438.84,-91.55,26.12,67.10,1.95
1,216568,5,-411.13,368.41,1195.68,31.13,-2514.04,258.18,-34.14,35.21,-12.44
2,216586,4,-387.57,44.31,1061.28,-150.15,-757.45,-583.5,-50.02,67.90,-18.05
3,216598,0,0.0,,,,,,,,
4,216599,0,0.0,,,,,,,,
5,216601,0,10.463863,,,,,,,,
6,216603,0,5.13347,,,,,,,,
0,216606,5,105.47,-1150.39,450.2,2318.12,213.01,-157.47,23.74,66.61,13.96
1,216619,5,-322.02,72.75,860.84,-54.32,-2673.95,599.37,-38.23,35.51,-1.37
2,216631,5,-309.08,-69.34,715.09,-155.64,-634.16,-253.91,-53.09,65.01,-16.05
3,216643,0,0.886699,,,,,,,,
4,216645,0,0.0,,,,,,,,
5,216647,0,7.563025,,,,,,,,
6,216648,1,3.225806,,,,,,,,
0,216656,4,294.19,-1051.64,686.16,1648.56,729.98,190.43,21.39,63.95,22.80
1,216669,4,-443.73,-13.79,-916.5,741.58,-466.31,117.8,-38.78,35.27,8.36
2,216681,4,-553.83,-158.33,418.95,-79.96,-278.93,-20.75,-55.1,62.98,-14.21
3,216693,0,0.986193,,,,,,,,
4,216695,0,0.0,,,,,,,,
5,216696,1,8.016878,,,,,,,,
6,216698,0,3.121853,,,,,,,,
0,216702,5,138.43,-560.3,360.47,-1354.98,-234.99,346.07,20.53,63.31,24.38
1,216715,4,-187.74,-370.61,690.92,-90.33,1546.63,136.72,-38.26,34.45,14.64
2,216730,5,-187.62,-257.93,405.52,95.21,387.57,347.9,-53.85,62.60,-15.06
3,216742,0,0.986193,,,,,,,,
4,216744,0,0.0,,,,,,,,
5,216745,2,8.245243,,,,,,,,
6,216748,0,3.018109,,,,,,,,
0,216752,4,-151.37,-795.04,460.82,-1438.6,505.37,-153.81,19.9,66.26,18.15
1,216764,4,-127.56,-407.47,-82.03,551.15,1646.73,-685.42,-38.31,34.08,8.56
2,216776,4,-374.39,-278.81,348.75,116.58,866.7,-61.04,-51.54,61.98,-17.50
3,216787,1,1.085883,,,,,,,,
4,216790,0,0.0,,,,,,,,
5,216792,0,8.359788,,,,,,,,
6,216797,1,2.914573,,,,,,,,
0,216801,4,262.82,-612.92,222.41,-2402.34,267.94,-412.6,16.77,70.19,8.91
1,216813,4,-146.61,236.57,752.93,15.87,2320.56,-797.73,-39.0,29.94,3.34
2,216825,4,-298.1,0.85,627.32,70.8,1427.61,-141.6,-49.15,60.85,-21.08
3,216837,1,1.085883,,,,,,,,
4,216839,0,0.0,,,,,,,,
5,216841,0,8.359788,,,,,,,,
6,216843,0,2.811245,,,,,,,,
0,216846,5,54.93,-735.35,351.56,-2103.88,61.04,70.19,15.59,70.68,-0.77
1,216858,5,-297.49,300.66,902.95,243.53,2109.37,-244.14,-37.67,25.17,-6.32
2,216875,4,-342.16,16.6,819.34,1.83,1776.12,-26.86,-44.27,59.05,-26.45
3,216886,0,1.185771,,,,,,,,
4,216888,0,0.0,,,,,,,,
5,216890,0,8.704883,,,,,,,,
6,216892,0,2.605211,,,,,,,,
0,216895,5,373.78,-1092.16,507.32,-2116.09,47.61,620.73,17.24,67.92,-10.55
1,216907,5,-401.98,212.77,1284.3,178.22,2291.26,248.41,-32.96,23.50,-15.03
2,216920,5,-226.56,104.61,947.75,57.37,1861.57,677.49,-36.83,59.31,-29.96
3,216932,0,1.185771,,,,,,,,
4,216934,0,0.0,,,,,,,,
5,216935,1,8.820405,,,,,,,,
6,216941,0,2.605211,,,,,,,,
0,216944,5,246.09,-943.36,590.45,-1758.42,-162.35,928.96,19.8,61.68,-18.81
1,216956,6,-370.61,149.17,1401.86,230.71,1869.51,776.98,-24.76,24.10,-23.25
2,216969,5,-199.83,-314.7,1113.77,-7.93,2001.34,884.4,-26.57,59.74,-33.50
3,216981,0,1.185771,,,,,,,,
4,216983,0,0.0,,,,,,,,
5,216985,0,8.820405,,,,,,,,
6,216986,1,2.811245,,,,,,,,
0,216990,4,84.11,-1347.53,941.89,-1461.18,-53.1,1052.25,22.86,54.66,-22.20
1,217003,4,-566.65,-317.99,1269.41,339.36,1793.82,616.46,-16.8,25.84,-27.31
2,217019,3,-92.29,-282.96,1256.71,4.88,1978.15,509.03,-26.57,59.74,-33.50
3,217029,0,1.185771,,,,,,,,
4,217031,0,0.0,,,,,,,,
5,217033,0,8.936171,,,,,,,,
6,217035,0,2.811245,,,,,,,,
0,217038,4,173.22,-1167.24,932.01,-1746.22,75.68,608.52,22.86,54.66,-22.20
1,217050,5,-501.83,-34.42,1586.06,423.58,1859.13,92.16,-7.29,27.66,-29.79
2,217062,5,-39.06,-174.68,1562.87,129.39,1965.33,296.63,-16.91,58.92,-33.40
3,217074,0,1.185771,,,,,,,,
4,217076,0,0.0,,,,,,,,
5,217081,0,9.052183,,,,,,,,
6,217083,0,2.914573,,,,,,,,
0,217086,6,194.46,-1481.32,777.71,-1569.82,103.15,639.65,24.78,46.42,-26.50
1,217099,5,-935.42,-212.28,1351.81,233.76,1789.55,261.84,1.55,29.50,-29.36
2,217111,5,-98.14,-163.21,1367.55,206.91,1364.14,250.24,-8.44,58.57,-31.96
3,217123,0,1.185771,,,,,,,,
4,217125,0,0.0,,,,,,,,
5,217127,0,9.635974,,,,,,,,
6,217128,1,2.811245,,,,,,,,
0,217133,4,-207.28,-1039.55,78.86,-1107.18,403.44,189.21,26.45,39.06,-28.44
1,217145,4,-1101.07,435.06,1254.88,626.83,809.33,-302.12,7.39,31.01,-28.16
2,217170,6,-329.35,250.12,1251.95,161.74,82.4,244.75,-1.94,58.51,-29.43
3,217183,0,1.185771,,,,,,,,
4,217185,0,0.0,,,,,,,,
5,217186,0,9.871245,,,,,,,,
6,217188,0,2.605211,,,,,,,,
0,217192,4,-30.4,-528.81,18.07,206.91,-516.36,477.91,26.84,33.92,-28.43
1,217204,4,-98.14,-420.53,812.87,-286.25,-1124.88,545.04,10.02,32.34,-26.64
2,217217,3,867.43,-185.3,817.99,340.58,-558.47,925.29,-1.94,58.51,-29.43
3,217227,1,1.587301,,,,,,,,
4,217233,0,0.0,,,,,,,,
5,217234,0,9.401709,,,,,,,,
6,217236,0,1.890547,,,,,,,,
0,217240,3,121.09,-324.95,933.72,933.23,-449.83,148.32,26.84,33.92,-28.43
1,217251,4,38.94,-19.17,970.58,-341.19,-1143.8,468.75,6.88,30.59,-28.92
2,217264,4,356.2,-261.96,1015.01,236.21,-325.93,514.53,0.67,57.57,-28.86
3,217275,0,1.688183,,,,,,,,
4,217277,0,0.0,,,,,,,,
5,217279,0,8.936171,,,,,,,,
6,217281,0,1.688183,,,,,,,,
0,217284,5,-357.54,-462.04,1133.18,770.26,-363.16,63.48,24.15,37.02,-29.54
1,217296,6,-35.89,115.36,1054.08,-286.25,-814.82,68.36,3.66,28.65,-28.17
2,217313,4,410.77,-33.45,996.7,195.92,-386.35,76.9,0.66,57.06,-28.98
3,217324,0,1.789265,,,,,,,,
4,217326,0,0.0,,,,,,,,
5,217328,0,9.284953,,,,,,,,
6,217329,1,1.890547,,,,,,,,
0,217333,4,252.2,-594.6,998.66,744.63,1.22,-103.15,23.56,39.81,-29.53
1,217346,4,-75.93,49.44,1024.17,-26.86,-541.99,106.81,0.85,28.12,-29.32
2,217358,4,383.06,-80.08,941.41,270.39,-444.34,47.61,-0.94,57.60,-28.69
3,217369,0,1.789265,,,,,,,,
4,217371,0,0.0,,,,,,,,
5,217376,1,9.98926,,,,,,,,
6,217378,0,1.992032,,,,,,,,
0,217382,5,75.93,-478.64,876.95,515.14,92.16,-16.48,22.8,42.41,-28.47
1,217395,4,-68.85,28.2,1044.8,27.47,-301.51,34.18,-1.51,28.08,-28.75
2,217406,5,348.88,-202.76,876.22,214.84,-474.24,-201.42,-2.28,58.28,-28.69
3,217418,0,1.789265,,,,,,,,
4,217420,0,0.0,,,,,,,,
5,217422,0,10.463863,,,,,,,,
6,217423,1,2.093719,,,,,,,,
0,217427,5,391.11,-570.68,865.6,569.46,22.58,-102.54,23.33,44.47,-28.89
1,217440,4,-111.45,20.51,1056.52,-173.34,-272.83,59.2,-2.48,27.83,-28.71
2,217455,5,331.91,-164.67,904.3,256.35,-526.12,62.26,-4.33,59.74,-30.19
3,217467,0,1.688183,,,,,,,,
4,217469,0,0.0,,,,,,,,
5,217472,0,11.183497,,,,,,,,
6,217473,1,3.121853,,,,,,,,
0,217477,4,-61.16,-617.07,941.53,473.63,-253.3,-208.13,22.78,45.69,-26.67
1,217489,4,-109.62,105.22,1042.72,-251.46,-222.17,112.3,-3.41,26.67,-28.85
2,217501,5,174.56,-91.8,978.88,240.48,-535.28,-60.42,-6.47,59.94,-29.82
3,217513,0,1.587301,,,,,,,,
4,217516,0,0.0,,,,,,,,
5,217521,0,11.546841,,,,,,,,
6,217523,0,3.959391,,,,,,,,
0,217526,5,-14.04,-711.06,904.05,141.6,-123.9,-38.45,22.4,47.60,-27.80
1,217538,5,-155.64,114.62,1002.93,-61.65,-93.38,35.4,-4.21,25.74,-29.92
2,217550,4,7.32,-257.81,961.3,269.78,-428.47,132.45,-8.25,61.12,-30.37
3,217563,0,1.587301,,,,,,,,
4,217564,1,0.0,,,,,,,,
5,217566,0,11.912569,,,,,,,,
6,217568,0,4.170906,,,,,,,,
0,217572,4,49.8,-546.75,854.13,85.45,-4.27,7.32,22.08,48.21,-26.81
1,217583,5,-151.86,97.17,1021.61,18.31,-33.57,8.54,-4.93,26.45,-30.24
2,217600,4,89.36,-210.69,949.71,194.09,-245.97,-236.21,-9.8,61.77,-29.21
3,217611,0,1.688183,,,,,,,,
4,217613,0,0.0,,,,,,,,
5,217615,0,12.280701,,,,,,,,
6,217617,0,4.170906,,,,,,,,
0,217620,5,66.16,-530.4,843.02,103.76,150.15,67.75,20.91,48.61,-27.62
1,217632,4,-143.55,52.61,1036.99,91.55,-14.65,23.19,-4.88,26.49,-28.52
2,217645,4,103.27,-317.75,905.76,220.34,-200.81,-93.38,-11.13,62.48,-28.87
3,217657,0,1.688183,,,,,,,,
4,217658,1,0.0,,,,,,,,
5,217664,0,12.775331,,,,,,,,
6,217665,1,4.276986,,,,,,,,
0,217669,4,158.81,-527.83,823.49,60.42,-8.54,17.7,21.9,48.54,-27.11
1,217681,5,-155.03,64.21,1039.79,-24.41,-26.25,15.87,-5.38,26.28,-29.35
2,217694,4,72.02,-313.35,957.64,130.0,-128.17,-228.27,-12.46,63.82,-29.27
3,217705,1,1.688183,,,,,,,,
4,217707,0,0.0,,,,,,,,
5,217709,0,13.024283,,,,,,,,
6,217711,0,4.383283,,,,,,,,
0,217714,5,75.2,-520.51,845.34,66.53,-7.93,-23.8,21.74,49.51,-27.72
1,217726,6,-147.95,88.01,1047.0,-16.48,-17.7,19.53,-5.63,25.79,-29.46
2,217743,4,38.7,-283.08,975.46,123.29,-93.99,-294.8,-13.87,64.59,-28.25
3,217754,0,1.587301,,,,,,,,
4,217756,0,0.097752,,,,,,,,
5,217758,0,13.39978,,,,,,,,
6,217760,0,4.489796,,,,,,,,
0,217763,5,41.38,-527.71,849.49,142.21,164.18,-12.21,22.34,48.89,-27.23
1,217776,5,-170.04,67.99,1032.23,81.18,7.32,40.89,-5.54,26.50,-29.94
2,217788,4,88.62,-355.71,1060.06,47.0,-93.99,-452.88,-15.65,64.83,-28.53
3,217800,0,1.587301,,,,,,,,
4,217801,1,0.392157,,,,,,,,
5,217807,0,14.158306,,,,,,,,
6,217809,0,4.489796,,,,,,,,
0,217812,6,170.53,-545.41,811.65,205.08,348.51,87.89,24.08,48.71,-26.50
1,217825,4,-135.01,60.55,1061.28,83.62,-6.1,56.76,-5.65,26.71,-28.47
2,217837,4,166.99,-227.54,976.07,4.88,-253.3,-451.05,-17.77,64.56,-28.22
3,217848,1,1.48662,,,,,,,,
4,217850,1,0.787402,,,,,,,,
5,217852,0,14.798207,,,,,,,,
6,217854,0,4.596527,,,,,,,,
0,217859,4,152.95,-528.69,811.77,188.6,198.36,18.31,25.05,48.19,-25.11
1,217870,5,-168.33,69.09,1029.91,27.47,-57.98,64.09,-5.22,27.11,-29.04
2,217886,4,-27.22,-258.79,980.59,2.44,-308.23,-338.75,-19.6,64.95,-28.38
3,217897,2,1.386138,,,,,,,,
4,217900,0,1.085883,,,,,,,,
5,217902,0,15.445322,,,,,,,,
6,217904,0,4.596527,,,,,,,,
0,217908,4,161.01,-576.9,795.41,208.13,213.01,20.75,26.28,48.54,-23.79
1,217919,5,-174.32,66.53,1043.21,100.1,-69.58,53.1,-5.14,26.17,-29.52
2,217931,4,-28.32,-242.07,959.11,20.14,-293.58,-198.97,-19.6,64.95,-28.38
3,217943,0,1.386138,,,,,,,,
4,217945,0,1.085883,,,,,,,,
5,217947,0,15.968292,,,,,,,,
6,217952,0,4.703476,,,,,,,,
0,217956,4,176.15,-581.91,786.5,206.91,191.65,19.53,26.65,48.57,-23.22
1,217967,4,-158.57,62.74,1026.98,175.78,-144.65,57.98,-5.14,26.17,-29.52
2,217978,6,-92.04,-276.25,958.74,21.36,-268.55,-145.87,-21.2,64.89,-28.37
3,217991,0,1.48662,,,,,,,,
4,217993,0,0.986193,,,,,,,,
5,217995,0,16.363636,,,,,,,,
6,217997,0,4.703476,,,,,,,,
0,218000,5,177.37,-612.06,762.45,202.03,186.16,23.8,27.48,49.49,-21.74
1,218012,4,-190.19,-7.2,1030.4,195.92,-155.03,54.32,-5.65,26.93,-28.16
2,218028,5,-103.64,-277.22,924.8,32.35,-227.05,-75.07,-22.97,65.17,-27.44
3,218040,0,1.48662,,,,,,,,
4,218042,0,0.688299,,,,,,,,
5,218044,0,16.628702,,,,,,,,
6,218046,0,4.703476,,,,,,,,
0,218049,5,224.73,-622.68,730.59,164.79,111.08,-11.6,26.95,50.05,-21.56
1,218061,4,-212.4,-8.54,1006.84,81.79,-126.34,28.69,-6.81,27.49,-27.47
2,218074,4,-98.88,-279.17,926.51,36.62,-219.12,-34.79,-23.97,64.81,-28.44
3,218086,0,1.48662,,,,,,,,
4,218087,1,0.490677,,,,,,,,
5,218089,0,16.761686,,,,,,,,
6,218095,0,4.810645,,,,,,,,
0,218098,4,165.53,-613.4,761.72,132.45,28.69,-25.63,26.95,50.05,-21.56
1,218109,5,-221.31,31.98,1040.41,53.1,-107.42,18.92,-7.59,28.37,-27.05
2,218122,4,-115.97,-223.88,1000.24,28.69,-255.74,-133.67,-25.02,65.70,-28.33
3,218134,0,1.386138,,,,,,,,
4,218136,0,0.490677,,,,,,,,
5,218137,1,17.296676,,,,,,,,
6,218139,0,4.810645,,,,,,,,
0,218143,4,218.75,-601.56,760.5,166.63,113.53,12.82,27.03,50.57,-22.14
1,218156,4,-221.44,35.03,1069.21,108.64,-163.57,31.13,-8.06,28.82,-27.76
2,218171,4,-166.87,-283.45,965.21,31.13,-303.96,-102.54,-25.85,65.32,-27.81
3,218183,0,1.386138,,,,,,,,
4,218185,0,0.29383,,,,,,,,
5,218186,1,17.701148,,,,,,,,
6,218188,1,4.918033,,,,,,,,
0,218192,4,211.67,-633.3,749.88,209.96,76.29,-12.82,27.48,50.71,-20.96
1,218205,4,-246.95,-0.98,1094.73,97.05,-222.78,28.08,-8.76,29.16,-26.76
2,218217,4,-159.42,-340.82,1025.39,12.21,-314.33,-88.5,-27.25,65.32,-27.64
3,218228,1,1.386138,,,,,,,,
4,218230,0,0.097752,,,,,,,,
5,218232,0,17.972351,,,,,,,,
6,218237,1,4.810645,,,,,,,,
0,218242,4,195.68,-628.17,770.51,278.32,100.1,5.49,26.98,51.32,-20.91
1,218254,4,-253.78,10.62,1185.18,119.63,-335.08,44.56,-9.51,29.31,-27.20
2,218266,4,-173.83,-256.47,1071.53,-16.48,-384.52,-214.84,-28.58,64.45,-27.16
3,218278,0,1.285856,,,,,,,,
4,218279,0,0.0,,,,,,,,
5,218281,0,18.381504,,,,,,,,
6,218284,0,4.810645,,,,,,,,
0,218288,4,321.29,-640.5,739.87,450.44,-1.22,0.61,25.72,53.38,-18.74
1,218299,5,-281.86,-83.74,1193.85,-12.82,-546.88,29.3,-10.75,29.86,-25.95
2,218315,4,-168.21,-398.8,1053.1,-28.08,-444.95,-178.83,-31.36,64.73,-27.49
3,218328,0,1.185771,,,,,,,,
4,218329,1,0.0,,,,,,,,
5,218331,0,18.108419,,,,,,,,
6,218333,0,4.810645,,,,,,,,
0,218337,4,235.47,-631.35,755.37,691.53,-78.74,-78.12,24.02,55.43,-18.29
1,218348,5,-297.61,42.11,1280.76,-62.26,-737.92,-31.13,-13.65,29.31,-25.00
2,218361,4,-107.06,-153.44,1167.48,-54.32,-568.85,-286.25,-33.84,64.07,-26.61
3,218373,0,0.886699,,,,,,,,
4,218375,0,0.0,,,,,,,,
5,218380,0,17.028572,,,,,,,,
6,218382,0,4.810645,,,,,,,,
0,218386,4,157.84,-654.05,737.67,1100.46,-32.96,-114.14,23.13,57.96,-17.11
1,218398,4,-304.2,120.97,1289.92,-12.21,-1130.37,7.93,-15.95,29.24,-22.77
2,218411,4,-216.43,-81.91,1071.66,-42.72,-704.96,-332.03,-35.85,63.42,-26.10
3,218422,1,0.0,,,,,,,,
4,218424,0,0.0,,,,,,,,
5,218426,0,15.706215,,,,,,,,
6,218428,0,5.025641,,,,,,,,
0,218431,5,166.02,-744.87,583.98,1553.96,136.72,6.71,23.41,60.73,-13.57
1,218443,5,-377.32,-50.54,1192.99,136.11,-1433.72,104.98,-20.53,29.24,-20.47
2,218460,4,-202.64,-375.73,1068.36,-18.31,-669.56,-408.94,-39.27,62.63,-24.88
3,218472,0,0.0,,,,,,,,
4,218473,0,0.0,,,,,,,,
5,218475,0,14.158306,,,,,,,,
6,218477,0,5.025641,,,,,,,,
0,218480,5,290.04,-842.41,500.73,1898.8,142.21,-192.87,23.21,62.77,-8.69
1,218492,6,-506.84,-154.79,1185.18,-71.41,-1818.85,70.19,-24.91,29.64,-16.71
2,218505,5,-365.48,-332.76,1096.92,4.88,-711.67,-632.93,-43.07,60.79,-23.11
3,218517,0,0.0,,,,,,,,
4,218522,0,0.0,,,,,,,,
5,218524,0,13.149171,,,,,,,,
6,218526,0,4.810645,,,,,,,,
0,218529,5,241.58,-1095.58,449.58,2006.23,242.31,-349.73,22.51,65.01,-1.46
1,218542,5,-553.96,50.9,1118.29,-72.63,-2081.91,112.92,-29.79,29.53,-10.64
2,218554,5,-344.12,-103.27,1060.91,-26.86,-720.83,-744.02,-46.88,59.20,-21.90
3,218566,0,0.0,,,,,,,,
4,218568,0,0.0,,,,,,,,
5,218570,0,12.157722,,,,,,,,
6,218571,1,4.383283,,,,,,,,
0,218575,4,124.88,-1140.26,362.55,2001.34,693.97,-214.23,20.37,65.93,6.14
1,218592,4,-470.58,-69.21,873.05,682.98,-2303.47,125.12,-33.54,31.23,-2.81
2,218604,4,-255.98,-64.94,853.39,25.63,-671.39,-418.7,-50.2,58.50,-19.64
3,218615,0,1.185771,,,,,,,,
4,218617,0,0.0,,,,,,,,
5,218619,0,9.753483,,,,,,,,
6,218621,0,3.018109,,,,,,,,
0,218625,5,92.29,-1087.65,299.44,1849.37,1430.05,-133.67,18.76,64.92,15.32
1,218637,5,-130.0,-636.23,-628.17,1296.39,-1813.35,-349.73,-35.06,31.36,7.41
2,218649,5,-560.91,-142.46,598.14,54.93,-481.57,-283.2,-52.16,57.37,-17.52
3,218664,1,1.085883,,,,,,,,
4,218667,0,0.0,,,,,,,,
5,218669,0,9.401709,,,,,,,,
6,218671,0,2.914573,,,,,,,,
0,218674,5,678.34,-1262.21,641.11,-432.13,621.95,-661.01,15.32,64.28,22.24
1,218686,5,-361.45,64.94,137.57,-296.63,977.17,-935.06,-36.6,28.76,11.96
2,218698,5,-390.38,-63.35,457.03,133.67,40.89,105.59,-52.37,57.47,-16.98
3,218711,0,1.085883,,,,,,,,
4,218713,0,0.0,,,,,,,,
5,218714,1,9.168444,,,,,,,,
6,218716,1,2.811245,,,,,,,,
0,218720,4,-105.83,-881.35,204.1,-1603.39,17.7,-568.24,12.49,67.81,18.07
1,218735,5,-248.66,160.77,394.17,80.57,1667.48,-849.61,-37.72,25.01,6.12
2,218747,6,-352.42,-92.41,447.27,62.87,402.22,15.87,-51.03,58.06,-17.58
3,218760,0,1.185771,,,,,,,,
4,218762,0,0.0,,,,,,,,
5,218763,1,9.284953,,,,,,,,
6,218765,0,2.708124,,,,,,,,
0,218769,4,150.15,-599.73,141.85,-1546.63,79.96,-218.51,11.04,70.06,10.97
1,218781,4,-321.78,312.87,393.92,105.59,1514.89,-242.92,-37.89,22.30,0.11
2,218793,4,-487.67,-0.73,554.81,-81.18,891.72,122.07,-51.03,58.06,-17.58
3,218808,0,1.185771,,,,,,,,
4,218810,0,0.0,,,,,,,,
5,218811,0,9.635974,,,,,,,,
6,218813,0,2.4,,,,,,,,
0,218817,4,191.28,-881.96,294.92,-1873.17,-305.79,324.71,11.95,71.33,4.43
1,218829,4,-303.34,52.49,683.96,-177.61,2111.82,105.59,-35.69,21.74,-6.85
2,218842,4,-330.44,-79.96,563.96,-61.65,1195.68,429.69,-49.29,58.54,-20.36
3,218853,1,1.285856,,,,,,,,
4,218855,0,0.0,,,,,,,,
5,218857,0,9.753483,,,,,,,,
6,218859,0,2.195609,,,,,,,,
0,218862,5,-107.18,-679.93,301.88,-1735.23,-98.27,350.95,13.64,70.80,-4.55
1,218878,5,-356.69,58.23,698.85,294.8,1804.2,-1.83,-32.03,22.11,-14.10
2,218891,4,-368.29,-167.97,689.58,-85.45,1538.09,275.88,-45.42,58.74,-23.41
3,218902,1,1.285856,,,,,,,,
4,218904,0,0.0,,,,,,,,
5,218906,0,9.871245,,,,,,,,
6,218908,0,2.195609,,,,,,,,
0,218911,5,199.1,-903.93,453.86,-1817.63,26.25,482.18,15.63,67.87,-11.66
1,218924,5,-350.83,104.25,953.37,212.4,1967.16,137.94,-26.79,22.49,-19.97
2,218936,5,-324.95,-49.93,805.91,-62.87,1789.55,516.36,-40.22,58.74,-27.66
3,218951,1,1.285856,,,,,,,,
4,218953,0,0.0,,,,,,,,
5,218955,0,9.98926,,,,,,,,
6,218957,0,2.195609,,,,,,,,
0,218960,6,115.84,-1024.9,581.3,-1665.65,-58.59,687.87,17.3,64.29,-19.36
1,218973,5,-609.25,110.11,1184.2,281.37,1795.65,355.22,-20.51,23.46,-23.79
2,218985,5,-372.31,-193.48,1075.32,-51.88,1904.91,614.62,-33.11,59.20,-30.31
3,218997,0,1.285856,,,,,,,,
4,218999,0,0.0,,,,,,,,
5,219001,0,10.107528,,,,,,,,
6,219003,0,2.195609,,,,,,,,
0,219006,5,145.02,-1242.68,654.66,-1564.33,-76.9,791.63,17.3,64.29,-19.36
1,219022,4,-638.67,-103.88,1312.01,308.84,1777.34,460.82,-13.72,24.51,-28.64
2,219034,4,-243.53,-252.81,1167.36,11.6,1796.26,513.92,-24.37,59.48,-33.07
3,219045,1,1.285856,,,,,,,,
4,219047,0,0.0,,,,,,,,
5,219049,0,10.107528,,,,,,,,
6,219052,0,2.297702,,,,,,,,
0,219055,5,45.41,-1122.44,804.93,-1471.56,179.44,687.87,19.93,57.75,-23.61
1,219067,5,-586.18,70.19,1541.63,443.73,1549.68,188.6,-6.31,26.57,-30.59
2,219079,5,-83.98,-170.41,1379.76,60.42,1710.82,435.18,-16.38,58.70,-33.19
3,219095,1,1.285856,,,,,,,,
4,219097,0,0.0,,,,,,,,
5,219099,0,10.107528,,,,,,,,
6,219101,0,2.4,,,,,,,,
0,219104,5,331.91,-1123.9,815.43,-1383.67,117.19,631.71,22.79,52.03,-27.80
1,219117,4,-591.55,8.18,1382.81,283.81,1521.0,339.97,-0.29,28.33,-31.38
2,219128,5,-70.19,-183.23,1295.65,78.12,1389.16,479.74,-8.57,59.07,-32.20
3,219141,0,1.285856,,,,,,,,
4,219143,0,0.0,,,,,,,,
5,219145,0,10.22605,,,,,,,,
6,219146,1,2.502502,,,,,,,,
0,219167,5,-34.55,-991.94,468.38,-783.69,387.57,468.75,26.67,38.34,-32.30
1,219186,4,-755.74,220.95,1179.93,455.93,614.01,-3.05,4.81,30.05,-30.57
2,219198,4,-50.05,-144.29,1192.14,186.77,488.89,77.51,-3.38,57.91,-30.94
3,219210,0,1.185771,,,,,,,,
4,219211,0,0.0,,,,,,,,
5,219213,0,10.583153,,,,,,,,
6,219215,0,2.914573,,,,,,,,
0,219219,5,98.39,-719.85,412.48,-264.89,-54.93,115.36,27.26,35.56,-31.27
1,219231,5,-439.82,293.09,1093.02,-117.19,198.36,135.5,7.2,30.69,-30.94
2,219243,5,95.95,75.32,1051.64,162.96,-203.86,405.27,-0.95,58.69,-30.71
3,219258,1,1.185771,,,,,,,,
4,219260,0,0.0,,,,,,,,
5,219262,0,10.702703,,,,,,,,
6,219265,0,3.121853,,,,,,,,
0,219268,5,11.6,-321.9,746.34,314.94,-316.16,203.25,26.87,35.05,-33.00
1,219280,5,294.43,-450.81,935.79,-140.38,-510.25,347.9,8.14,29.35,-31.12
2,219292,5,673.71,-330.93,783.57,155.64,-311.28,369.87,-0.57,58.01,-29.68
3,219304,0,1.285856,,,,,,,,
4,219307,0,0.0,,,,,,,,
5,219308,1,10.583153,,,,,,,,
6,219310,1,2.811245,,,,,,,,
0,219314,4,85.57,-218.63,879.39,284.42,-140.38,-294.8,24.39,38.31,-33.01
1,219329,5,174.44,5.86,1041.87,-313.72,-546.26,-402.22,5.05,28.98,-31.69
2,219341,5,537.6,-267.82,912.6,119.63,-172.12,-123.9,-0.2,58.18,-30.51
3,219354,0,1.587301,,,,,,,,
4,219356,0,0.0,,,,,,,,
5,219357,1,10.22605,,,,,,,,
6,219359,1,2.297702,,,,,,,,
0,219363,4,87.77,-106.93,887.57,421.14,-97.05,-570.68,23.13,41.43,-34.08
1,219375,4,176.64,153.69,1060.18,-245.36,-772.71,-425.42,1.44,28.19,-33.53
2,219387,5,474.24,-74.46,970.7,10.99,-231.32,-549.32,-1.87,58.84,-30.38
3,219403,0,1.890547,,,,,,,,
4,219405,0,0.0,,,,,,,,
5,219406,1,8.820405,,,,,,,,
6,219408,0,1.890547,,,,,,,,
0,219412,3,335.94,-339.84,883.67,668.95,126.95,-218.51,23.13,41.43,-34.08
1,219423,4,-5.86,83.98,1035.4,-108.64,-841.06,-110.47,-3.05,27.54,-33.13
2,219436,4,375.61,-114.62,966.19,66.53,-360.72,-366.21,-3.93,60.01,-30.94
3,219447,1,2.093719,,,,,,,,
4,219449,0,0.0,,,,,,,,
5,219451,0,9.401709,,,,,,,,
6,219453,0,1.890547,,,,,,,,
0,219456,5,233.64,-585.69,998.66,723.27,145.87,119.63,23.32,44.85,-32.91
1,219472,4,-156.74,38.82,1000.12,-7.93,-573.12,125.73,-5.77,27.25,-33.12
2,219485,4,216.19,-122.8,1047.85,79.96,-469.36,-269.78,-6.38,60.75,-32.10
3,219496,0,1.992032,,,,,,,,
4,219498,0,0.0,,,,,,,,
5,219500,0,10.702703,,,,,,,,
6,219502,0,1.789265,,,,,,,,
0,219505,5,247.07,-547.61,914.67,490.72,128.17,55.54,23.27,46.97,-30.63
1,219517,6,-140.63,-17.33,1007.57,53.71,-288.09,101.93,-7.52,27.55,-31.08
2,219530,5,198.0,-241.46,931.52,133.67,-468.14,-68.97,-9.11,61.17,-32.35
3,219545,0,1.992032,,,,,,,,
4,219547,0,0.0,,,,,,,,
5,219549,0,11.425462,,,,,,,,
6,219551,0,1.890547,,,,,,,,
0,219554,5,158.57,-539.55,907.23,341.8,36.62,23.8,24.3,48.60,-31.69
1,219567,4,-127.56,-13.79,1020.39,3.66,-120.85,29.3,-8.46,27.42,-30.97
2,219579,4,197.75,-295.53,906.49,101.32,-443.12,-100.1,-11.18,62.12,-32.75
3,219591,0,2.093719,,,,,,,,
4,219592,1,0.0,,,,,,,,
5,219594,0,11.912569,,,,,,,,
6,219596,0,1.992032,,,,,,,,
0,219600,4,231.45,-480.83,849.73,281.37,-10.38,-43.33,23.93,49.69,-29.69
1,219616,4,-121.95,13.92,1034.3,-70.8,-87.28,28.69,-8.65,26.77,-31.95
2,219628,4,157.59,-151.49,944.34,137.94,-386.35,10.38,-12.89,62.54,-32.31
3,219640,0,2.297702,,,,,,,,
4,219641,1,0.097752,,,,,,,,
5,219643,0,12.403952,,,,,,,,
6,219645,0,2.093719,,,,,,,,
0,219650,4,147.09,-399.9,833.01,191.65,-14.04,-38.45,24.44,50.11,-29.85
1,219662,3,-110.23,21.12,1062.99,-18.31,-57.37,5.49,-8.65,26.77,-31.95
2,219672,5,125.37,-261.11,931.64,153.2,-347.9,-140.38,-14.81,62.61,-33.65
3,219688,0,2.297702,,,,,,,,
4,219689,2,0.29383,,,,,,,,
5,219692,0,13.024283,,,,,,,,
6,219694,0,2.4,,,,,,,,
0,219698,4,224.85,-507.45,816.41,247.19,-48.83,-76.9,23.85,50.22,-29.60
1,219710,4,-124.15,24.17,1034.91,-108.64,-89.72,29.91,-8.63,26.71,-31.88
2,219722,4,64.21,-238.77,942.14,139.77,-263.67,23.19,-16.22,63.21,-32.48
3,219734,0,2.195609,,,,,,,,
4,219736,0,0.29383,,,,,,,,
5,219738,0,13.39978,,,,,,,,
6,219740,0,3.225806,,,,,,,,
0,219743,5,171.14,-559.81,847.29,156.25,-160.52,-127.56,23.52,51.07,-28.65
1,219759,4,-148.93,54.08,1035.64,-117.19,-69.58,19.53,-9.03,25.92,-32.28
2,219771,5,64.33,-298.22,995.97,140.38,-254.52,150.15,-16.91,64.15,-31.88
3,219783,1,1.890547,,,,,,,,
4,219785,0,0.29383,,,,,,,,
5,219787,0,13.777779,,,,,,,,
6,219789,0,3.643725,,,,,,,,
0,219792,5,130.0,-531.86,839.6,133.06,-67.14,-53.1,23.86,51.26,-28.52
1,219804,5,-140.63,50.42,1036.13,-61.65,-53.71,30.52,-9.3,26.26,-31.68
2,219816,6,31.01,-289.55,977.29,72.02,-259.4,-59.81,-17.86,63.70,-32.06
3,219832,0,1.789265,,,,,,,,
4,219834,0,0.29383,,,,,,,,
5,219836,0,14.285715,,,,,,,,
6,219838,0,3.959391,,,,,,,,
0,219841,5,170.17,-546.75,806.52,87.89,-114.14,-69.58,22.89,51.40,-29.25
1,219853,5,-156.37,5.74,1048.34,-97.66,-64.7,43.33,-10.17,25.16,-31.90
2,219866,5,90.33,-215.45,894.29,75.07,-216.06,47.61,-19.09,64.15,-31.47
3,219878,0,1.587301,,,,,,,,
4,219880,0,0.097752,,,,,,,,
5,219881,1,14.285715,,,,,,,,
6,219883,0,4.276986,,,,,,,,
0,219887,4,132.81,-557.98,817.5,-45.17,-335.08,-177.0,21.61,53.10,-29.00
1,219902,6,-145.51,121.34,1030.03,-249.63,-68.97,4.88,-10.02,24.01,-32.59
2,219915,4,-26.98,-266.11,1030.4,110.47,-252.69,188.6,-19.09,64.15,-31.47
3,219926,0,1.48662,,,,,,,,
4,219928,0,0.0,,,,,,,,
5,219929,1,14.285715,,,,,,,,
6,219931,1,4.489796,,,,,,,,
0,219935,4,16.97,-531.62,851.56,-1.83,-197.75,-91.55,19.18,53.42,-30.31
1,219948,4,-188.72,112.06,1004.15,-82.4,-68.97,-5.49,-10.36,23.06,-33.06
2,219960,4,40.04,-261.23,995.73,79.96,-253.91,-22.58,-19.34,65.14,-32.29
3,219975,0,1.386138,,,,,,,,
4,219977,0,0.0,,,,,,,,
5,219978,1,14.413409,,,,,,,,
6,219980,0,4.703476,,,,,,,,
0,219984,4,57.25,-525.27,842.29,65.31,-69.58,-20.75,18.87,54.39,-30.91
1,219997,4,-153.2,141.72,1049.19,-53.71,-43.33,15.87,-10.79,23.00,-31.68
2,220009,4,-33.45,-281.98,994.75,72.63,-305.18,-34.79,-20.13,65.41,-31.30
3,220020,0,1.386138,,,,,,,,
4,220022,0,0.097752,,,,,,,,
5,220024,0,14.669653,,,,,,,,
6,220026,0,4.918033,,,,,,,,
0,220029,6,0.61,-511.23,860.6,95.21,-34.79,-3.66,18.37,54.38,-30.87
1,220046,4,-177.0,139.28,1039.67,-15.87,-44.56,43.33,-10.8,23.17,-31.60
2,220058,4,-48.71,-241.94,987.67,50.66,-328.37,-171.51,-21.64,65.58,-31.07
3,220069,0,1.386138,,,,,,,,
4,220071,0,0.097752,,,,,,,,
5,220073,0,15.056181,,,,,,,,
6,220076,0,5.13347,,,,,,,,
0,220079,5,53.59,-542.36,843.14,159.91,33.57,6.1,18.09,54.55,-30.77
1,220091,5,-164.43,137.21,1132.93,-5.49,-87.28,24.41,-10.57,22.24,-31.67
2,220103,5,-89.72,-233.52,984.5,65.92,-338.13,-175.17,-23.41,66.00,-31.03
3,220119,0,1.285856,,,,,,,,
4,220121,0,0.0,,,,,,,,
5,220123,0,15.445322,,,,,,,,
6,220125,0,5.349794,,,,,,,,
0,220128,5,54.08,-543.7,852.17,225.83,92.77,39.67,18.58,54.83,-30.38
1,220140,4,-184.45,146.12,1135.01,117.8,-244.14,60.42,-10.93,22.80,-32.70
2,220152,4,-112.06,-257.57,968.26,84.84,-328.37,-109.86,-25.42,66.13,-30.51
3,220165,0,1.185771,,,,,,,,
4,220167,0,0.0,,,,,,,,
5,220168,0,15.575621,,,,,,,,
6,220170,0,5.675955,,,,,,,,
0,220174,4,88.13,-581.79,804.44,296.63,37.84,17.7,19.18,55.15,-30.26
1,220189,4,-225.95,98.14,994.02,47.61,-282.59,61.04,-12.3,22.58,-31.59
2,220201,5,-193.6,-300.42,928.47,76.29,-337.52,-6.1,-26.95,65.88,-30.85
3,220213,1,1.285856,,,,,,,,
4,220215,0,0.0,,,,,,,,
5,220217,0,15.575621,,,,,,,,
6,220219,0,5.785123,,,,,,,,
0,220222,5,50.05,-601.68,790.77,281.37,-37.23,-16.48,18.41,56.37,-29.54
1,220234,5,-253.91,103.52,1033.33,10.38,-269.78,32.96,-13.39,23.51,-31.29
2,220247,5,-156.74,-335.69,955.2,48.83,-341.19,-5.49,-27.37,66.16,-29.53
3,220262,1,1.285856,,,,,,,,
4,220264,0,0.0,,,,,,,,
5,220266,0,15.445322,,,,,,,,
6,220268,0,5.894519,,,,,,,,
0,220271,5,60.42,-607.18,797.49,341.19,-59.2,-56.15,18.36,57.09,-26.92
1,220283,6,-267.7,133.79,1055.66,-47.61,-317.99,4.27,-14.7,23.02,-31.25
2,220296,5,-209.72,-288.33,1000.85,45.17,-394.29,-104.98,-28.89,66.77,-29.32
3,220308,0,1.285856,,,,,,,,
4,220310,0,0.0,,,,,,,,
5,220312,0,15.185603,,,,,,,,
6,220313,1,6.113989,,,,,,,,
0,220317,3,23.68,-616.82,804.08,433.35,-18.31,-45.78,18.36,57.09,-26.92
1,220332,5,-296.88,144.41,1118.53,0.61,-415.65,20.14,-15.91,22.75,-29.81
2,220344,5,-262.21,-327.15,1017.94,26.25,-451.66,-154.42,-30.85,66.74,-29.76
3,220356,0,1.185771,,,,,,,,
4,220358,0,0.0,,,,,,,,
5,220360,0,14.798207,,,,,,,,
6,220361,1,5.894519,,,,,,,,
0,220365,4,28.93,-644.04,800.17,632.32,63.48,-36.62,18.33,58.84,-27.43
1,220378,4,-319.46,118.9,1185.18,39.67,-544.43,26.86,-17.91,23.03,-30.37
2,220390,4,-243.65,-315.31,1082.89,-19.53,-441.28,-240.48,-32.84,66.06,-28.31
3,220405,0,1.085883,,,,,,,,
4,220407,0,0.0,,,,,,,,
5,220409,0,13.777779,,,,,,,,
6,220410,1,5.56701,,,,,,,,
0,220414,5,84.72,-658.33,783.2,937.5,64.7,-97.66,18.3,60.62,-27.25
1,220427,4,-339.84,67.14,1242.43,-6.71,-798.34,-32.96,-20.52,23.46,-27.69
2,220439,4,-200.32,-326.17,1098.02,-31.74,-487.06,-314.94,-35.06,65.70,-27.67
3,220451,0,0.490677,,,,,,,,
4,220452,1,0.0,,,,,,,,
5,220454,0,12.899668,,,,,,,,
6,220456,0,5.894519,,,,,,,,
0,220461,4,89.48,-710.33,721.8,1232.3,77.51,-161.74,18.44,62.68,-22.81
1,220476,4,-363.16,-14.53,1328.13,-99.49,-1149.9,-117.19,-24.17,23.28,-24.49
2,220488,5,-149.78,-384.16,1109.38,-6.71,-545.65,-504.76,-37.89,64.89,-27.75
3,220500,0,0.0,,,,,,,,
4,220503,0,0.0,,,,,,,,
5,220504,0,13.777779,,,,,,,,
6,220506,0,8.245243,,,,,,,,
0,220510,4,40.53,-719.97,595.83,1723.63,95.21,-324.1,18.54,65.88,-19.37
1,220522,4,-359.86,115.23,1336.06,-224.0,-1566.16,-224.0,-28.49,22.71,-21.15
2,220537,5,-118.65,-169.07,1148.56,-30.52,-616.46,-996.09,-41.88,62.37,-25.72
3,220550,0,0.0,,,,,,,,
4,220552,0,0.0,,,,,,,,
5,220553,1,13.651498,,,,,,,,
6,220555,0,7.903056,,,,,,,,
0,220559,4,-7.45,-1072.63,577.51,2124.63,91.55,-313.11,17.53,68.80,-11.94
1,220571,4,-475.59,342.77,1268.31,-301.51,-2073.36,75.07,-34.25,21.18,-15.55
2,220583,5,-264.16,4.15,1147.83,-68.36,-802.0,-840.45,-46.44,60.50,-24.21
3,220596,0,0.0,,,,,,,,
4,220597,0,0.0,,,,,,,,
5,220599,0,13.274336,,,,,,,,
6,220601,0,7.225131,,,,,,,,
0,220608,4,55.05,-1234.5,462.89,2321.17,399.78,-144.04,16.54,71.90,-3.56
1,220620,4,-458.5,273.07,1174.07,-103.15,-2444.46,344.85,-37.92,22.00,-7.24
2,220633,4,-293.46,-36.62,1000.24,-99.49,-772.09,-680.54,-49.58,59.02,-21.95
3,220645,0,0.0,,,,,,,,
4,220646,0,0.0,,,,,,,,
5,220648,0,10.344828,,,,,,,,
6,220650,0,5.13347,,,,,,,,
0,220654,4,-57.74,-1252.08,486.08,2160.03,493.77,-145.26,15.47,72.20,7.80
1,220665,5,-534.3,-180.05,126.34,311.89,-2428.59,424.8,-40.54,23.30,3.11
2,220682,4,-638.43,-79.1,688.11,-25.63,-666.5,-20.75,-52.04,57.48,-20.45
3,220694,0,1.085883,,,,,,,,
4,220695,1,0.0,,,,,,,,
5,220697,0,8.016878,,,,,,,,
6,220699,0,3.538928,,,,,,,,
0,220703,4,364.87,-2017.09,1295.78,208.74,1291.5,-206.91,13.54,70.62,15.56
1,220716,4,-73.97,33.08,-229.98,673.22,902.1,-907.59,-41.09,21.81,6.01
2,220727,4,-109.5,-234.01,434.45,84.84,-6.71,-17.09,-52.04,57.48,-20.45
3,220738,0,1.185771,,,,,,,,
4,220740,0,0.0,,,,,,,,
5,220741,1,8.016878,,,,,,,,
6,220747,0,3.121853,,,,,,,,
0,220750,5,294.92,-797.73,509.28,-1605.83,158.08,-180.05,11.02,72.23,14.16
1,220763,5,28.2,270.39,480.71,112.3,1886.6,-343.02,-40.37,19.74,-0.93
2,220775,5,-158.94,6.23,413.94,-107.42,542.6,-50.05,-51.53,57.65,-20.08
3,220787,0,1.185771,,,,,,,,
4,220789,0,0.0,,,,,,,,
5,220790,1,8.245243,,,,,,,,
6,220792,0,2.914573,,,,,,,,
0,220796,5,5.74,-480.83,280.15,-1650.39,-274.66,225.22,11.67,73.30,6.18
1,220809,4,-187.99,-11.11,415.65,-15.87,1738.28,89.72,-37.48,19.80,-7.69
2,220824,5,-303.96,-66.41,526.98,-80.57,1069.95,228.88,-50.55,57.14,-21.73
3,220836,0,1.185771,,,,,,,,
4,220838,0,0.0,,,,,,,,
5,220839,1,8.474576,,,,,,,,
6,220841,0,2.811245,,,,,,,,
0,220846,4,23.56,-605.47,284.06,-1776.12,-156.86,327.15,14.28,71.51,-1.43
1,220858,4,-351.44,36.5,668.09,89.11,1844.48,39.06,-32.8,20.24,-15.75
2,220870,4,-465.7,-129.39,709.72,-55.54,1384.89,276.49,-46.3,57.51,-25.28
3,220881,0,1.285856,,,,,,,,
4,220883,0,0.0,,,,,,,,
5,220886,0,8.820405,,,,,,,,
6,220891,0,2.4,,,,,,,,
0,220895,4,110.47,-855.59,353.76,-1973.27,90.94,451.66,16.25,67.87,-10.30
1,220907,3,-462.52,40.16,1138.06,211.18,2012.94,32.96,-32.8,20.24,-15.75
2,220918,4,-396.73,-116.94,892.82,-41.5,1623.54,200.2,-40.81,58.33,-27.76
3,220930,1,1.386138,,,,,,,,
4,220932,0,0.0,,,,,,,,
5,220934,0,8.936171,,,,,,,,
6,220936,0,2.4,,,,,,,,
0,220939,5,226.07,-1032.84,518.07,-1730.35,165.41,456.54,18.44,63.62,-16.72
1,220951,5,-486.69,120.48,1121.58,350.95,1819.46,42.11,-26.22,21.73,-22.58
2,220967,5,-279.42,-45.04,971.56,93.99,1740.11,556.64,-34.55,58.59,-32.17
3,220979,1,1.386138,,,,,,,,
4,220981,0,0.0,,,,,,,,
5,220983,0,8.936171,,,,,,,,
6,220985,0,2.502502,,,,,,,,
0,220988,5,291.75,-997.68,677.37,-1494.14,97.05,827.64,21.92,58.23,-20.89
1,221000,5,-420.9,99.73,1312.74,432.13,1683.35,586.55,-18.59,23.07,-26.43
2,221012,6,-173.34,-205.08,1089.97,136.72,1824.34,732.42,-26.82,59.79,-33.01
3,221025,0,1.386138,,,,,,,,
4,221027,0,0.0,,,,,,,,
5,221032,0,9.052183,,,,,,,,
6,221034,0,2.605211,,,,,,,,
0,221037,5,73.0,-1213.38,959.59,-1406.86,230.1,1043.7,24.82,51.29,-24.46
1,221049,5,-431.03,-73.97,1225.1,605.47,1746.83,503.54,-11.39,26.05,-27.55
2,221063,4,-57.62,-286.62,1264.04,47.61,1847.53,381.47,-17.5,60.23,-33.01
3,221074,0,1.386138,,,,,,,,
4,221076,0,0.0,,,,,,,,
5,221078,0,9.284953,,,,,,,,
6,221080,0,2.605211,,,,,,,,
0,221083,5,1.34,-1053.59,982.3,-1547.24,197.14,592.65,27.87,44.10,-27.40
1,221095,5,-433.35,87.77,1582.64,483.4,1625.37,36.01,-4.14,28.88,-28.17
2,221111,5,-11.6,-187.01,1432.74,21.36,1833.5,151.37,-9.58,60.49,-31.35
3,221123,0,1.386138,,,,,,,,
4,221125,0,0.0,,,,,,,,
5,221127,0,9.284953,,,,,,,,
6,221128,1,2.914573,,,,,,,,
0,221132,4,105.1,-1174.56,712.16,-1220.09,238.04,413.21,29.15,38.20,-28.67
1,221145,4,-773.68,-43.09,1388.79,453.49,1213.38,60.42,1.89,31.53,-28.19
2,221157,4,-191.28,-238.65,1328.86,114.14,1378.78,12.21,-3.45,60.39,-28.36
3,221169,0,1.285856,,,,,,,,
4,221171,0,0.0,,,,,,,,
5,221176,0,9.401709,,,,,,,,
6,221178,0,3.018109,,,,,,,,
0,221181,6,-65.8,-1213.87,270.51,-751.95,742.8,358.28,31.84,33.39,-26.97
1,221194,5,-1026.37,237.79,998.17,847.17,723.88,-99.49,7.13,33.54,-27.83
2,221206,5,-257.69,-149.9,1227.17,222.78,464.48,-117.8,-0.13,60.67,-26.83
3,221218,0,1.285856,,,,,,,,
4,221220,0,0.0,,,,,,,,
5,221221,1,9.635974,,,,,,,,
6,221223,0,3.225806,,,,,,,,
0,221228,3,27.34,-911.25,109.25,-100.1,106.81,185.55,31.84,33.39,-26.97
1,221239,4,-892.21,225.1,1091.19,83.62,48.83,152.59,9.86,36.28,-25.93
2,221254,4,-148.68,-7.69,1110.47,111.69,-249.63,166.02,1.22,61.68,-26.95
3,221266,0,1.386138,,,,,,,,
4,221267,0,0.0,,,,,,,,
5,221270,0,9.635974,,,,,,,,
6,221272,0,3.121853,,,,,,,,
0,221275,5,835.08,303.96,861.08,839.84,-690.92,-3.66,33.12,31.37,-25.76
1,221287,5,655.88,-347.9,989.01,-715.33,-1021.12,316.77,9.36,36.67,-25.40
2,221299,5,964.11,-263.79,761.72,191.04,-331.42,382.69,0.76,61.40,-25.65
3,221312,0,1.688183,,,,,,,,
4,221314,0,0.0,,,,,,,,
5,221319,0,9.871245,,,,,,,,
6,221321,0,1.688183,,,,,,,,
0,221324,5,-76.29,-401.37,951.66,814.21,-871.58,-154.42,31.75,32.46,-27.50
1,221336,5,125.85,126.46,1143.31,-776.37,-1071.78,61.65,7.12,34.18,-27.87
2,221348,5,632.32,17.82,1072.27,167.85,-314.33,540.16,0.81,61.12,-26.22
3,221361,0,2.093719,,,,,,,,
4,221363,0,0.0,,,,,,,,
5,221364,1,10.344828,,,,,,,,
6,221366,1,1.890547,,,,,,,,
0,221370,4,-70.43,-547.12,1071.78,960.69,-308.23,-267.94,28.7,35.96,-29.14
1,221382,4,-146.36,118.16,1007.81,-274.66,-1001.59,174.56,2.39,30.69,-28.99
2,221398,5,304.2,9.77,1141.72,371.7,-556.64,632.32,1.05,60.80,-26.83
3,221410,0,2.093719,,,,,,,,
4,221412,0,0.0,,,,,,,,
5,221413,1,11.183497,,,,,,,,
6,221415,1,2.4,,,,,,,,
0,221419,4,199.34,-677.98,966.55,753.17,-57.98,-115.97,27.38,39.60,-29.41
1,221431,4,-229.74,132.93,903.56,16.48,-417.48,152.59,-0.26,29.52,-29.85
2,221444,4,134.03,-529.66,1020.02,418.7,-625.0,477.91,0.13,61.29,-26.50
3,221455,1,2.093719,,,,,,,,
4,221457,0,0.0,,,,,,,,
5,221462,1,12.035012,,,,,,,,
6,221464,0,3.018109,,,,,,,,
0,221468,4,98.63,-531.13,906.01,321.04,46.39,40.89,27.88,42.30,-28.39
1,221480,5,-110.23,20.02,1037.11,15.26,-86.06,22.58,-1.95,30.26,-29.32
2,221493,4,244.75,-230.1,862.18,136.11,-524.29,-370.48,-1.73,62.32,-26.86
3,221504,0,2.195609,,,,,,,,
4,221506,0,0.0,,,,,,,,
5,221508,0,12.527473,,,,,,,,
6,221510,0,3.32997,,,,,,,,
0,221513,5,175.54,-500.12,841.31,266.72,-45.78,-56.15,27.97,42.50,-29.37
1,221526,4,-132.81,92.77,1007.57,-73.85,-91.55,25.63,-2.36,30.43,-28.85
2,221541,5,121.95,-101.81,966.31,230.1,-464.48,37.23,-3.94,62.67,-28.88
3,221553,0,2.297702,,,,,,,,
4,221555,0,0.0,,,,,,,,
5,221557,0,13.024283,,,,,,,,
6,221558,1,3.853955,,,,,,,,
0,221562,4,79.35,-516.48,859.62,178.22,-21.97,-41.5,28.06,42.91,-28.78
1,221575,4,-134.03,72.27,1048.1,3.05,-62.26,-26.86,-2.38,29.17,-30.03
2,221587,3,121.34,-238.28,982.06,273.44,-376.59,-75.68,-3.94,62.67,-28.88
3,221597,1,2.4,,,,,,,,
4,221599,0,0.0,,,,,,,,
5,221604,0,13.651498,,,,,,,,
6,221606,0,4.170906,,,,,,,,
0,221611,4,152.47,-518.92,831.18,129.39,-41.5,-17.7,27.89,43.19,-27.80
1,221623,4,-145.51,53.96,1026.98,-52.49,-59.81,23.19,-3.08,29.60,-30.38
2,221635,4,124.51,-283.08,962.28,171.51,-281.37,-171.51,-6.04,64.00,-28.37
3,221646,0,2.4,,,,,,,,
4,221648,0,0.0,,,,,,,,
5,221650,0,14.03118,,,,,,,,
6,221652,0,4.383283,,,,,,,,
0,221656,5,139.04,-518.92,833.62,73.24,-147.09,-54.93,27.58,43.93,-28.33
1,221668,4,-147.46,55.79,1043.09,-112.92,-64.09,39.06,-2.77,29.41,-30.11
2,221683,5,167.36,-201.9,932.5,165.41,-256.35,177.0,-7.13,64.38,-27.82
3,221696,0,2.4,,,,,,,,
4,221698,0,0.0,,,,,,,,
5,221700,0,14.158306,,,,,,,,
6,221701,1,4.596527,,,,,,,,
0,221705,4,129.27,-517.46,839.11,9.77,-272.83,-161.74,26.66,44.86,-28.25
1,221717,4,-162.72,119.38,1015.5,-206.3,-73.24,1.22,-3.11,28.43,-30.48
2,221729,4,66.53,-295.41,1010.62,158.08,-290.53,283.2,-7.89,64.83,-27.86
3,221742,0,2.297702,,,,,,,,
4,221743,0,0.0,,,,,,,,
5,221758,0,14.03118,,,,,,,,
6,221760,0,5.025641,,,,,,,,
0,221764,4,31.01,-509.89,846.68,14.65,-185.55,-59.2,25.13,45.17,-30.22
1,221776,4,-162.72,119.14,1045.78,-86.06,-51.27,3.05,-3.49,27.82,-30.40
2,221788,5,63.84,-270.75,953.49,98.27,-356.45,8.54,-7.9,64.99,-28.64
3,221800,0,2.093719,,,,,,,,
4,221802,0,0.0,,,,,,,,
5,221803,1,14.03118,,,,,,,,
6,221805,1,5.241521,,,,,,,,
0,221809,4,0.73,-523.68,853.64,25.02,-145.87,-34.18,23.02,46.33,-30.80
1,221821,5,-178.96,119.14,1025.51,-61.04,-56.15,-6.71,-4.2,27.78,-31.18
2,221837,4,-9.03,-285.52,969.36,69.58,-308.23,-158.08,-8.73,65.60,-27.70
3,221849,0,1.992032,,,,,,,,
4,221850,1,0.0,,,,,,,,
5,221852,0,14.158306,,,,,,,,
6,221854,0,5.458291,,,,,,,,
0,221858,4,27.59,-522.09,849.37,57.37,-88.5,-28.08,22.34,46.48,-31.34
1,221870,5,-181.03,134.64,1017.21,-50.66,-54.93,-1.22,-4.24,27.32,-31.46
2,221882,5,5.0,-271.85,985.35,92.16,-291.14,-109.25,-10.53,65.81,-28.22
3,221894,0,1.890547,,,,,,,,
4,221896,0,0.0,,,,,,,,
5,221901,0,14.285715,,,,,,,,
6,221903,0,5.785123,,,,,,,,
0,221906,6,0.85,-500.73,863.28,106.2,-18.31,-16.48,22.17,46.03,-31.60
1,221919,5,-123.29,190.55,1011.72,-50.05,-50.05,54.93,-4.41,26.68,-31.82
2,221931,5,17.58,-230.96,973.14,93.38,-298.46,-195.31,-12.5,66.10,-28.77
3,221943,0,1.789265,,,,,,,,
4,221945,0,0.0,,,,,,,,
5,221946,1,14.541386,,,,,,,,
6,221948,0,6.004141,,,,,,,,
0,221953,4,-0.85,-530.03,847.78,114.14,1.22,-41.5,22.0,46.22,-30.03
1,221965,4,-211.18,135.5,1025.27,-62.26,-62.26,23.8,-4.1,26.61,-31.49
2,221980,4,-109.99,-328.13,989.26,74.46,-326.54,-238.65,-14.1,66.49,-27.76
3,221992,0,1.789265,,,,,,,,
4,221995,0,0.0,,,,,,,,
5,221996,0,15.185603,,,,,,,,
6,221998,0,6.444907,,,,,,,,
0,222002,4,-52.61,-540.89,862.67,173.34,118.41,23.8,22.33,46.77,-32.13
1,222014,4,-184.81,192.99,1063.35,50.66,-37.23,46.39,-5.48,26.56,-30.14
2,222025,5,-80.44,-276.25,1008.42,75.07,-310.06,-343.02,-15.49,66.54,-28.15
3,222038,0,1.789265,,,,,,,,
4,222040,0,0.0,,,,,,,,
5,222045,0,15.837104,,,,,,,,
6,222047,0,6.555671,,,,,,,,
0,222051,4,80.69,-532.59,845.21,222.17,92.77,7.93,22.28,47.57,-31.70
1,222062,5,-174.56,196.17,1217.65,46.39,-181.27,10.38,-5.38,26.67,-30.75
2,222074,6,-47.97,-317.38,1005.74,70.8,-357.06,-256.96,-18.35,67.46,-28.34
3,222087,0,1.688183,,,,,,,,
4,222089,0,0.0,,,,,,,,
5,222091,0,16.099773,,,,,,,,
6,222092,1,6.777893,,,,,,,,
0,222096,4,42.97,-549.32,841.19,324.1,36.01,-33.57,22.95,48.35,-29.88
1,222108,4,-213.99,139.4,1112.79,-2.44,-358.28,50.05,-6.77,26.49,-30.03
2,222124,5,-162.11,-294.56,959.96,90.33,-449.83,-178.22,-19.52,67.14,-27.98
3,222136,0,1.587301,,,,,,,,
4,222138,0,0.0,,,,,,,,
5,222139,1,16.099773,,,,,,,,
6,222141,1,6.889353,,,,,,,,
0,222145,4,36.62,-582.15,812.62,413.21,-8.54,-60.42,22.64,49.40,-29.68
1,222157,4,-265.75,172.36,1044.43,-39.06,-393.68,27.47,-8.11,27.00,-29.35
2,222170,4,-204.83,-227.29,988.89,100.1,-477.29,-256.35,-22.24,67.71,-27.66
3,222181,1,1.587301,,,,,,,,
4,222183,0,0.0,,,,,,,,
5,222188,1,15.968292,,,,,,,,
6,222190,0,6.889353,,,,,,,,
0,222194,4,18.43,-600.59,808.47,493.77,-0.61,-45.17,23.38,51.33,-28.09
1,222206,5,-291.02,132.57,1151.12,-21.36,-481.57,27.47,-9.97,27.23,-29.93
2,222219,4,-236.82,-315.8,1023.44,118.41,-534.06,-153.2,-24.54,68.55,-27.70
3,222230,1,1.587301,,,,,,,,
4,222232,0,0.0,,,,,,,,
5,222234,0,15.837104,,,,,,,,
6,222236,0,7.001046,,,,,,,,
0,222239,4,-39.18,-649.54,783.94,682.98,18.92,-61.65,23.38,51.33,-28.09
1,222251,4,-320.19,201.17,1076.29,6.1,-601.81,12.82,-9.97,27.23,-29.93
2,222266,4,-310.18,-298.95,976.07,94.6,-543.82,-244.14,-26.95,68.49,-27.53
3,222277,1,1.386138,,,,,,,,
4,222279,0,0.0,,,,,,,,
5,222281,0,15.185603,,,,,,,,
6,222283,0,6.555671,,,,,,,,
0,222286,5,0.24,-649.78,774.17,852.66,120.24,-34.18,22.63,52.23,-27.33
1,222299,5,-363.16,50.42,1244.63,68.97,-780.03,22.58,-12.61,26.17,-28.08
2,222311,5,-223.39,-463.87,1076.9,76.29,-555.42,-343.02,-29.8,68.88,-25.99
3,222323,0,1.185771,,,,,,,,
4,222325,0,0.0,,,,,,,,
5,222330,0,14.798207,,,,,,,,
6,222332,0,7.001046,,,,,,,,
0,222336,5,24.41,-668.46,715.94,1248.78,145.26,-156.86,24.0,54.82,-24.58
1,222348,5,-318.36,134.77,1244.38,-6.1,-1061.4,-116.58,-15.45,26.89,-26.54
2,222360,5,-248.54,-248.29,1066.89,43.95,-581.67,-700.68,-33.4,67.54,-24.28
3,222372,0,0.097752,,,,,,,,
4,222374,0,0.0,,,,,,,,
5,222376,0,15.185603,,,,,,,,
6,222377,2,7.563025,,,,,,,,
0,222382,4,-19.41,-694.95,607.06,1623.54,205.08,-169.07,23.78,57.97,-21.19
1,222394,4,-338.5,136.11,1178.1,-62.87,-1508.79,-136.72,-19.65,26.72,-25.13
2,222410,4,-284.55,-198.49,918.7,40.89,-530.4,-820.31,-37.62,66.81,-22.83
3,222422,0,0.0,,,,,,,,
4,222424,0,0.0,,,,,,,,
5,222426,0,15.185603,,,,,,,,
6,222428,0,7.676131,,,,,,,,
0,222431,5,-46.26,-842.65,351.44,2033.69,125.12,-192.87,24.01,61.30,-15.71
1,222443,5,-453.13,270.75,893.92,-187.38,-1808.47,-28.08,-24.87,26.35,-21.92
2,222455,4,-435.42,-153.93,946.53,-7.32,-386.96,-899.66,-37.62,66.81,-22.83
3,222467,0,0.0,,,,,,,,
4,222472,0,0.0,,,,,,,,
5,222474,0,15.056181,,,,,,,,
6,222476,0,7.337526,,,,,,,,
0,222479,5,-61.28,-1294.68,238.77,2122.19,98.88,-14.65,24.04,63.72,-8.48
1,222491,5,-627.44,450.56,824.58,-265.5,-1823.12,371.09,-30.1,25.61,-16.46
2,222503,6,-418.58,59.94,845.58,-209.35,-361.33,-640.26,-41.38,65.73,-22.50
3,222516,0,0.0,,,,,,,,
4,222518,0,0.0,,,,,,,,
5,222519,1,14.541386,,,,,,,,
6,222521,0,6.555671,,,,,,,,
0,222525,4,-23.07,-1454.22,177.37,1922.0,321.66,277.71,24.44,65.78,-0.84
1,222540,5,-697.14,347.9,735.23,161.13,-2017.21,826.42,-34.09,26.45,-10.68
2,222553,5,-414.18,35.52,969.12,-262.45,-547.49,-279.54,-44.27,63.55,-22.38
3,222565,0,0.0,,,,,,,,
4,222567,0,0.0,,,,,,,,
5,222568,1,12.280701,,,,,,,,
6,222570,0,5.56701,,,,,,,,
0,222574,4,-13.31,-1125.0,243.41,1710.82,848.39,512.7,24.33,65.15,7.48
1,222586,4,-733.89,-103.03,687.38,926.51,-1979.98,748.9,-35.61,29.58,-1.73
2,222599,4,-401.37,-87.52,846.44,-191.65,-520.63,6.71,-47.28,62.35,-21.46
3,222614,0,1.386138,,,,,,,,
4,222616,0,0.0,,,,,,,,
5,222617,1,8.474576,,,,,,,,
6,222619,0,3.538928,,,,,,,,
0,222623,4,747.92,-1955.69,803.59,646.97,979.61,255.74,24.32,62.68,16.06
1,222636,4,-485.35,-62.74,-469.36,671.39,291.14,-27.47,-35.85,33.28,7.20
2,222648,4,-538.21,-362.55,641.11,-21.97,-222.78,175.17,-49.18,61.54,-21.12
3,222659,1,1.386138,,,,,,,,
4,222661,0,0.0,,,,,,,,
5,222663,0,8.474576,,,,,,,,
6,222665,0,3.538928,,,,,,,,
0,222668,5,311.04,-831.18,353.03,-1748.66,-587.77,3.66,25.2,62.15,16.54
1,222685,4,-263.18,-363.53,636.72,-460.82,2064.21,-391.85,-36.15,33.67,6.24
2,222697,4,-209.84,-180.79,535.03,129.39,213.01,-43.95,-48.58,62.30,-20.68
3,222709,0,1.386138,,,,,,,,
4,222710,1,0.0,,,,,,,,
5,222712,0,8.936171,,,,,,,,
6,222714,0,3.538928,,,,,,,,
0,222718,5,-111.21,-580.93,288.45,-1845.7,621.34,-337.52,25.04,64.71,9.22
1,222731,4,-137.7,0.0,661.5,696.41,1701.66,-969.85,-35.07,32.12,-2.50
2,222742,5,-322.02,-199.71,534.42,77.51,816.65,-310.06,-47.36,61.79,-20.48
3,222758,0,1.48662,,,,,,,,
4,222759,0,0.0,,,,,,,,
5,222761,0,9.284953,,,,,,,,
6,222764,0,3.32997,,,,,,,,
0,222767,5,288.21,-655.64,404.79,-2064.21,-64.09,-308.84,23.6,66.26,3.80
1,222779,5,-90.82,310.06,847.41,-216.67,2073.97,-485.84,-34.27,30.00,-7.69
2,222791,5,-211.06,140.38,653.32,-54.32,1203.61,-197.75,-45.76,61.35,-22.81
3,222803,0,1.587301,,,,,,,,
4,222806,0,0.0,,,,,,,,
5,222808,0,9.401709,,,,,,,,
6,222809,1,3.018109,,,,,,,,
0,222813,4,172.24,-727.05,497.31,-1811.52,-23.19,114.75,23.79,66.08,-5.07
1,222829,4,-221.44,138.06,820.8,166.63,1906.13,-84.84,-30.44,29.05,-15.54
2,222841,4,-334.23,-37.6,811.65,21.97,1588.75,327.15,-42.04,61.85,-26.57
3,222853,0,1.587301,,,,,,,,
4,222855,0,0.0,,,,,,,,
5,222857,0,9.753483,,,,,,,,
6,222859,0,3.018109,,,,,,,,
0,222862,4,142.58,-1000.12,570.31,-1882.93,-72.02,576.78,24.48,61.69,-11.05
1,222874,5,-438.96,1.46,1172.85,225.83,2036.74,223.39,-24.56,29.50,-20.08
2,222886,6,-341.92,-169.68,999.63,43.95,1777.95,441.28,-35.41,62.84,-29.30
3,222902,0,1.587301,,,,,,,,
4,222904,0,0.0,,,,,,,,
5,222906,0,9.98926,,,,,,,,
6,222908,0,2.811245,,,,,,,,
0,222911,5,201.78,-1013.31,592.04,-1754.15,1.83,598.14,25.92,56.67,-15.15
1,222923,5,-465.58,-12.21,1374.02,286.87,1873.17,196.53,-17.26,31.60,-24.11
2,222936,5,-283.69,-170.41,1053.59,143.43,1869.51,510.25,-28.65,62.83,-31.43
3,222948,0,1.587301,,,,,,,,
4,222950,0,0.0,,,,,,,,
5,222951,1,9.98926,,,,,,,,
6,222953,1,2.914573,,,,,,,,
0,222957,4,199.46,-987.92,698.97,-1370.85,193.48,805.66,27.05,51.73,-19.47
1,222972,6,-528.2,4.27,1437.62,540.16,1431.88,444.34,-10.96,33.01,-25.15
2,222985,5,-187.87,-260.13,1165.89,205.69,1922.61,391.85,-20.73,63.56,-30.49
3,222997,0,1.587301,,,,,,,,
4,222999,0,0.0,,,,,,,,
5,223001,0,9.98926,,,,,,,,
6,223002,1,3.434343,,,,,,,,
0,223006,4,16.97,-1175.9,945.43,-1077.27,178.83,665.89,28.16,47.02,-20.15
1,223019,4,-621.83,-44.31,1325.32,432.74,1220.09,237.43,-6.4,33.84,-25.06
2,223031,5,-206.42,-95.21,1330.32,150.76,1848.75,178.83,-14.29,63.54,-28.76
3,223046,0,1.587301,,,,,,,,
4,223048,0,0.0,,,,,,,,
5,223050,0,10.107528,,,,,,,,
6,223052,0,3.225806,,,,,,,,
0,223055,5,201.54,-1425.29,920.41,-1422.12,466.92,534.06,29.02,43.38,-21.61
1,223068,5,-705.2,303.22,1375.37,605.47,1548.46,66.53,-1.59,35.79,-24.40
2,223080,5,-113.77,-15.26,1437.87,183.11,1598.51,298.46,-8.18,63.73,-25.79
3,223092,0,1.587301,,,,,,,,
4,223094,0,0.0,,,,,,,,
5,223095,1,10.22605,,,,,,,,
6,223097,1,3.225806,,,,,,,,
0,223101,5,70.19,-1052.61,349.0,-1072.39,119.02,721.44,29.26,38.44,-23.08
1,223119,4,-1014.4,4.27,1154.91,471.19,991.82,451.66,3.45,36.11,-22.61
2,223131,4,-249.15,-226.2,1250.24,252.08,945.43,361.33,-3.81,63.64,-24.45
3,223143,0,1.587301,,,,,,,,
4,223144,0,0.0,,,,,,,,
5,223147,0,10.463863,,,,,,,,
6,223149,0,3.538928,,,,,,,,
0,223153,4,-110.11,-1098.39,-5.0,-268.55,216.67,560.3,29.71,35.55,-22.07
1,223165,4,-1139.77,271.36,924.19,360.11,263.06,374.15,5.47,36.89,-21.04
2,223176,5,-306.4,-84.47,1156.01,170.9,47.61,208.13,-2.43,62.93,-22.51
3,223193,0,1.587301,,,,,,,,
4,223194,0,0.0,,,,,,,,
5,223196,0,10.702703,,,,,,,,
6,223198,0,3.32997,,,,,,,,
0,223202,4,371.09,-126.83,611.33,886.23,-666.5,-32.96,29.81,35.42,-23.54
1,223213,5,445.31,-202.39,1012.33,-762.33,-1093.75,187.38,5.46,36.56,-21.24
2,223226,4,1070.43,-278.56,790.89,211.18,-379.64,401.61,-2.49,62.87,-23.17
3,223238,0,1.992032,,,,,,,,
4,223240,0,0.0,,,,,,,,
5,223242,0,10.22605,,,,,,,,
6,223244,0,1.789265,,,,,,,,
0,223247,4,-117.8,-314.82,849.61,833.13,-739.75,-278.93,29.81,35.42,-23.54
1,223262,4,22.09,71.29,1103.27,-671.39,-1135.25,40.89,1.57,33.86,-24.39
2,223275,4,526.73,11.84,1122.44,133.06,-374.76,363.16,-2.71,62.45,-24.22
3,223286,0,2.093719,,,,,,,,
4,223288,0,0.0,,,,,,,,
5,223290,0,9.052183,,,,,,,,
6,223291,1,1.890547,,,,,,,,
0,223295,4,-108.4,-465.7,1042.72,974.73,-245.36,-298.46,26.49,38.92,-24.52
1,223307,5,-194.58,140.26,925.78,-256.35,-914.31,157.47,-2.42,31.46,-24.91
2,223320,5,264.65,51.15,1096.19,315.55,-509.03,468.75,-2.89,62.29,-23.88
3,223335,0,2.093719,,,,,,,,
4,223337,0,0.0,,,,,,,,
5,223339,0,10.463863,,,,,,,,
6,223341,0,2.093719,,,,,,,,
0,223344,5,533.08,-1230.22,1143.31,751.34,-25.63,-169.07,25.2,42.42,-24.07
1,223356,6,-165.89,177.12,999.27,-107.42,-202.64,58.59,-3.39,30.98,-24.99
2,223369,4,285.52,-403.93,982.06,381.47,-588.99,477.91,-2.89,62.29,-23.88
3,223380,0,2.093719,,,,,,,,
4,223382,0,0.0,,,,,,,,
5,223383,1,11.304348,,,,,,,,
6,223385,0,2.502502,,,,,,,,
0,223389,4,118.41,-582.15,889.04,288.7,-23.19,-37.84,25.06,44.23,-23.13
1,223405,5,-124.76,86.18,1005.62,-20.75,-67.75,31.13,-4.04,31.37,-24.72
2,223417,5,170.78,-164.06,917.11,139.77,-471.8,-407.1,-3.33,61.94,-23.99
3,223429,0,1.992032,,,,,,,,
4,223431,0,0.0,,,,,,,,
5,223432,1,11.912569,,,,,,,,
6,223434,0,3.434343,,,,,,,,
0,223438,4,124.15,-528.93,857.18,174.56,21.97,12.82,25.26,45.01,-21.63
1,223451,4,-126.22,62.62,1041.5,39.06,-32.35,-2.44,-4.39,31.29,-23.85
2,223462,5,198.49,-121.22,941.41,170.9,-437.01,-283.81,-5.42,63.64,-24.05
3,223478,0,2.093719,,,,,,,,
4,223479,1,0.0,,,,,,,,
5,223481,0,12.651266,,,,,,,,
6,223483,0,3.748734,,,,,,,,
0,223488,4,153.32,-500.61,826.78,114.75,-16.48,-5.49,24.69,46.00,-22.27
1,223499,5,-124.76,39.67,1038.57,6.1,-48.22,3.05,-4.6,31.70,-23.45
2,223511,5,126.59,-165.04,951.66,226.44,-368.65,-54.32,-7.97,64.44,-25.11
3,223523,0,2.297702,,,,,,,,
4,223525,0,0.097752,,,,,,,,
5,223527,0,13.274336,,,,,,,,
6,223528,1,3.959391,,,,,,,,
0,223533,4,86.67,-560.42,865.23,86.06,48.83,-10.38,25.6,45.81,-21.85
1,223548,5,-135.01,66.41,1045.17,26.25,-30.52,-25.02,-4.32,31.21,-24.84
2,223560,5,140.01,-295.53,952.51,191.04,-318.6,-41.5,-9.77,64.59,-24.77
3,223572,0,2.502502,,,,,,,,
4,223575,0,0.195695,,,,,,,,
5,223576,1,13.777779,,,,,,,,
6,223578,1,4.170906,,,,,,,,
0,223582,4,104.25,-525.76,848.27,78.12,14.65,-4.88,25.0,45.46,-22.84
1,223594,3,-136.84,61.52,1046.51,4.27,-21.36,4.27,-4.32,31.21,-24.84
2,223604,5,169.92,-134.52,977.42,136.72,-263.67,-151.37,-10.96,65.16,-24.44
3,223621,0,2.502502,,,,,,,,
4,223622,1,0.195695,,,,,,,,
5,223624,0,14.158306,,,,,,,,
6,223626,0,4.170906,,,,,,,,
0,223630,4,123.41,-531.25,835.08,65.92,-14.65,-16.48,25.65,45.91,-23.01
1,223642,4,-138.06,48.83,1053.71,-15.26,-21.36,28.69,-4.37,30.90,-24.44
2,223654,5,159.91,-303.34,939.7,104.37,-278.93,-117.8,-11.56,65.49,-25.10
3,223666,0,2.4,,,,,,,,
4,223668,0,0.195695,,,,,,,,
5,223670,0,14.285715,,,,,,,,
6,223672,0,4.276986,,,,,,,,
0,223675,5,133.3,-507.45,827.03,54.93,-100.71,-54.93,25.11,46.28,-23.13
1,223691,4,-137.7,42.24,1053.71,-121.46,-52.49,36.62,-5.19,31.56,-24.65
2,223704,4,-33.33,-274.41,922.61,110.47,-308.23,-6.71,-13.27,65.88,-24.13
3,223715,0,2.195609,,,,,,,,
4,223717,0,0.195695,,,,,,,,
5,223719,0,14.413409,,,,,,,,
6,223721,0,4.489796,,,,,,,,
0,223724,5,55.91,-527.47,851.32,82.4,-42.11,-62.87,24.44,47.30,-23.32
1,223736,5,-153.32,100.1,1018.43,-45.17,-28.08,24.41,-4.77,30.65,-25.24
2,223749,5,41.87,-86.79,982.91,33.57,-258.79,-291.75,-14.2,66.33,-25.06
3,223764,0,2.093719,,,,,,,,
4,223766,0,0.195695,,,,,,,,
5,223768,0,14.798207,,,,,,,,
6,223770,0,4.596527,,,,,,,,
0,223773,5,102.54,-534.42,824.71,78.74,-25.02,-40.28,23.9,47.19,-22.73
1,223785,6,-146.61,84.35,1037.6,-45.78,-43.95,9.16,-5.05,30.96,-24.39
2,223798,5,85.21,-256.23,969.85,73.85,-319.82,-80.57,-16.55,66.65,-24.44
3,223810,0,1.890547,,,,,,,,
4,223812,0,0.195695,,,,,,,,
5,223813,1,15.185603,,,,,,,,
6,223815,0,4.810645,,,,,,,,
0,223819,4,95.34,-553.71,835.94,54.32,-104.98,-55.54,23.56,47.75,-23.74
1,223835,5,-164.67,83.74,1029.17,-90.33,-69.58,7.32,-4.88,30.46,-25.40
2,223847,4,-41.87,-259.4,945.43,100.71,-329.59,84.84,-16.92,67.03,-24.34
3,223859,0,1.789265,,,,,,,,
4,223861,0,0.195695,,,,,,,,
5,223862,1,15.445322,,,,,,,,
6,223864,0,5.13347,,,,,,,,
0,223868,5,51.64,-530.15,840.33,6.1,-151.37,-50.05,22.75,48.69,-23.68
1,223881,4,-172.49,114.38,1029.54,-93.99,-77.51,3.05,-5.15,29.74,-25.60
2,223893,4,-79.1,-273.8,978.64,103.76,-310.06,87.89,-18.24,66.93,-23.99
3,223908,0,1.789265,,,,,,,,
4,223909,1,0.195695,,,,,,,,
5,223911,1,15.706215,,,,,,,,
6,223913,0,5.56701,,,,,,,,
0,223918,4,59.94,-524.05,844.12,48.83,-92.16,-36.01,21.85,49.07,-24.63
1,223930,4,-219.36,71.78,1029.17,-73.85,-63.48,0.61,-5.77,29.17,-25.24
2,223942,4,-90.82,-302.49,984.38,91.55,-304.57,25.63,-18.74,67.08,-23.78
3,223953,0,1.890547,,,,,,,,
4,223955,0,0.097752,,,,,,,,
5,223958,0,15.837104,,,,,,,,
6,223960,0,5.894519,,,,,,,,
0,223981,4,19.04,-524.54,855.47,90.33,-50.05,-25.63,20.9,49.22,-24.87
1,224026,4,-200.2,149.05,1021.0,-15.87,-87.89,4.27,-6.45,28.31,-25.11
2,224038,5,-161.38,-291.38,961.91,81.79,-298.46,-103.76,-21.68,67.57,-25.23
3,224050,0,1.688183,,,,,,,,
4,224052,0,0.097752,,,,,,,,
5,224054,0,16.363636,,,,,,,,
6,224056,0,6.555671,,,,,,,,
0,224059,5,21.61,-540.77,845.21,155.64,1.22,-10.38,21.09,50.42,-25.12
1,224071,5,-154.66,238.4,1224.49,8.54,-139.77,3.66,-7.09,28.31,-25.42
2,224083,5,-141.97,-322.88,1019.29,70.19,-280.76,-108.64,-22.45,68.10,-23.62
3,224117,0,1.587301,,,,,,,,
4,224119,0,0.0,,,,,,,,
5,224120,1,16.761686,,,,,,,,
6,224122,0,6.889353,,,,,,,,
0,224126,5,2.08,-547.12,855.47,334.47,59.2,9.16,20.51,50.95,-23.82
1,224139,4,-217.29,143.43,1120.36,80.57,-345.46,65.31,-7.75,28.54,-25.49
2,224151,4,-186.52,-346.8,1010.5,49.44,-344.24,-228.88,-24.56,68.31,-23.69
3,224162,0,1.587301,,,,,,,,
4,224164,0,0.0,,,,,,,,
5,224166,0,16.761686,,,,,,,,
6,224168,0,7.001046,,,,,,,,
0,224172,5,49.44,-564.58,852.66,492.55,98.27,-1.22,20.87,50.88,-23.51
1,224188,4,-251.34,101.68,1187.87,69.58,-458.37,57.98,-9.25,28.50,-24.99
2,224199,5,-159.42,-361.08,1068.73,12.82,-408.33,-264.28,-26.14,67.80,-23.95
3,224211,0,1.48662,,,,,,,,
4,224214,0,0.0,,,,,,,,
5,224216,0,16.496017,,,,,,,,
6,224218,0,6.777893,,,,,,,,
0,224221,5,25.39,-586.91,854.25,702.51,69.58,-47.61,21.09,52.05,-22.19
1,224233,4,-258.67,169.31,1238.53,26.86,-676.88,43.95,-10.91,28.69,-24.08
2,224245,4,-185.06,-259.03,1107.42,-7.93,-528.56,-295.41,-28.78,67.43,-22.49
3,224261,0,1.386138,,,,,,,,
4,224263,0,0.0,,,,,,,,
5,224265,0,15.706215,,,,,,,,
6,224267,0,6.004141,,,,,,,,
0,224270,5,13.67,-614.14,804.08,1073.61,161.74,-41.5,21.63,54.33,-19.10
1,224282,5,-276.98,179.08,1224.49,93.99,-944.21,39.06,-13.09,28.45,-21.30
2,224294,5,-202.51,-211.67,1084.35,-1.83,-584.11,-321.04,-31.68,66.75,-22.41
3,224307,0,0.589391,,,,,,,,
4,224309,0,0.0,,,,,,,,
5,224310,1,14.541386,,,,,,,,
6,224312,0,5.785123,,,,,,,,
0,224316,4,49.68,-662.96,704.83,1386.72,214.84,-28.69,22.06,56.73,-14.25
1,224331,5,-301.03,42.85,1248.29,97.05,-1265.87,-12.82,-16.72,28.93,-20.78
2,224344,5,-158.2,-357.06,1077.15,4.88,-604.86,-528.56,-35.13,66.28,-21.06
3,224356,0,0.0,,,,,,,,
4,224358,0,0.0,,,,,,,,
5,224359,0,14.413409,,,,,,,,
6,224361,0,6.666666,,,,,,,,
0,224365,4,57.86,-720.21,622.8,1855.47,249.02,-67.14,22.41,58.87,-9.35
1,224377,4,-301.27,65.31,1406.86,-3.66,-1688.84,-41.5,-20.9,29.20,-18.68
2,224390,4,-12.45,-268.07,1136.6,-43.33,-646.97,-1019.9,-39.97,64.59,-20.20
3,224405,0,0.0,,,,,,,,
4,224407,0,0.0,,,,,,,,
5,224408,0,14.541386,,,,,,,,
6,224410,0,6.444907,,,,,,,,
0,224414,4,174.8,-1230.22,581.18,2396.24,252.08,-194.09,22.4,61.40,-1.98
1,224427,4,-437.01,325.32,1403.81,-186.77,-2268.07,106.81,-26.14,28.22,-12.92
2,224439,4,-106.32,-48.22,1349.85,-48.22,-811.77,-970.46,-44.48,62.57,-19.69
3,224451,0,0.0,,,,,,,,
4,224452,0,0.0,,,,,,,,
5,224454,0,14.03118,,,,,,,,
6,224456,0,6.004141,,,,,,,,
0,224459,4,162.35,-1501.83,517.94,2492.68,557.86,-67.75,22.4,61.40,-1.98
1,224475,4,-451.29,184.2,1197.51,60.42,-2666.63,492.55,-31.3,28.03,-6.85
2,224487,3,-204.71,108.4,819.58,-161.74,-828.25,-754.39,-44.48,62.57,-19.69
3,224497,1,1.48662,,,,,,,,
4,224499,0,0.0,,,,,,,,
5,224501,0,10.583153,,,,,,,,
6,224503,0,4.170906,,,,,,,,
0,224506,6,54.81,-1193.48,486.45,2223.51,1032.71,-15.26,20.51,61.91,8.12
1,224519,5,-66.89,-281.01,-314.45,979.0,-2399.29,116.58,-33.51,30.14,4.19
2,224535,4,-565.67,28.69,699.71,-9.16,-660.4,177.0,-49.17,59.81,-17.85
3,224546,1,1.285856,,,,,,,,
4,224548,0,0.0,,,,,,,,
5,224550,0,9.168444,,,,,,,,
6,224552,0,3.643725,,,,,,,,
0,224556,5,1160.77,-1193.12,855.83,-665.89,198.36,205.69,18.54,60.13,17.47
1,224568,5,-100.34,28.08,9.89,-393.68,1328.74,114.14,-34.74,29.91,11.05
2,224580,5,-264.53,-185.42,356.2,95.21,105.59,472.41,-50.87,59.27,-15.66
3,224592,0,1.285856,,,,,,,,
4,224594,0,0.0,,,,,,,,
5,224595,1,9.284953,,,,,,,,
6,224598,0,3.434343,,,,,,,,
0,224605,5,-126.34,-391.85,322.02,-1795.04,-275.88,158.69,17.35,59.91,18.80
1,224617,5,-80.32,-336.06,793.82,66.53,1850.59,-236.21,-34.64,29.33,5.40
2,224629,5,-205.81,-365.97,419.43,15.26,758.67,127.56,-50.12,59.55,-16.77
3,224642,0,1.48662,,,,,,,,
4,224644,0,0.0,,,,,,,,
5,224645,1,9.401709,,,,,,,,
6,224647,0,3.434343,,,,,,,,
0,224651,4,57.98,-876.34,409.91,-1889.04,147.09,-217.29,17.83,63.75,13.26
1,224663,4,-198.12,37.23,451.78,140.38,2048.34,-628.66,-34.56,27.28,-1.31
2,224678,6,-282.23,-35.4,538.09,-68.97,1233.52,-198.97,-48.55,60.02,-17.85
3,224691,0,1.48662,,,,,,,,
4,224693,0,0.0,,,,,,,,
5,224694,1,9.518717,,,,,,,,
6,224696,0,3.32997,,,,,,,,
0,224700,4,41.99,-710.57,268.8,-2036.74,-10.99,-67.14,16.31,67.04,5.15
1,224712,4,-305.66,288.33,846.56,62.87,1992.8,-386.35,-33.19,24.58,-8.26
2,224724,5,-355.35,104.74,730.59,-74.46,1558.84,81.18,-46.57,58.51,-21.90
3,224736,1,1.48662,,,,,,,,
4,224738,0,0.0,,,,,,,,
5,224740,0,9.635974,,,,,,,,
6,224742,0,3.121853,,,,,,,,
0,224749,4,148.68,-1162.6,552.0,-1826.78,-31.74,317.38,16.5,68.25,-2.53
1,224761,4,-489.5,166.5,926.76,235.6,2081.3,93.38,-29.92,23.58,-14.70
2,224774,4,-363.28,-122.92,916.99,-40.28,1723.63,488.89,-42.09,58.45,-27.38
3,224785,1,1.48662,,,,,,,,
4,224787,0,0.0,,,,,,,,
5,224789,0,9.871245,,,,,,,,
6,224791,0,3.018109,,,,,,,,
0,224794,5,229.25,-974.24,443.24,-1788.94,-177.0,642.09,18.43,66.14,-12.88
1,224806,6,-526.0,7.69,1278.32,106.2,1936.04,338.13,-23.91,23.22,-21.92
2,224823,4,-257.2,-220.21,1035.4,-40.89,1772.46,597.53,-35.6,58.87,-31.35
3,224834,1,1.48662,,,,,,,,
4,224836,0,0.0,,,,,,,,
5,224838,0,9.98926,,,,,,,,
6,224840,0,3.121853,,,,,,,,
0,224843,5,183.72,-1088.75,710.08,-1457.52,-100.71,692.14,21.37,61.33,-20.43
1,224856,5,-530.76,-134.03,1157.96,310.67,1651.61,396.73,-17.43,25.15,-27.51
2,224869,4,-258.67,-302.12,1076.42,33.57,1809.69,466.31,-26.62,59.02,-33.44
3,224880,1,1.48662,,,,,,,,
4,224882,0,0.0,,,,,,,,
5,224884,0,9.98926,,,,,,,,
6,224889,0,3.121853,,,,,,,,
0,224893,5,18.43,-1019.04,816.65,-1552.73,137.33,664.06,23.39,54.49,-26.10
1,224906,4,-443.97,-71.53,1301.88,509.03,1672.97,137.94,-9.72,27.06,-29.68
2,224918,4,-119.14,-226.44,1221.07,78.74,1828.0,209.96,-17.52,58.87,-34.23
3,224929,1,1.48662,,,,,,,,
4,224931,0,0.0,,,,,,,,
5,224933,0,10.107528,,,,,,,,
6,224935,0,3.018109,,,,,,,,
0,224939,5,147.22,-1015.75,893.68,-1589.36,288.09,507.2,24.29,46.68,-28.59
1,224951,5,-510.74,136.84,1596.8,479.13,1648.56,59.2,-1.61,28.75,-30.20
2,224967,4,-105.59,-138.31,1423.71,53.1,1711.43,95.83,-9.85,58.98,-33.28
3,224978,1,1.48662,,,,,,,,
4,224980,0,0.0,,,,,,,,
5,224983,0,10.344828,,,,,,,,
6,224985,0,2.605211,,,,,,,,
0,224988,5,99.61,-979.37,647.83,-1435.55,427.86,675.66,26.11,38.39,-29.39
1,225000,5,-764.28,-49.93,1517.58,732.42,1325.07,210.57,5.8,31.42,-30.62
2,225012,5,-63.96,-173.58,1271.0,175.17,1145.63,-99.49,-4.15,58.67,-31.51
3,225025,0,1.48662,,,,,,,,
4,225027,0,0.0,,,,,,,,
5,225029,0,10.702703,,,,,,,,
6,225034,0,2.914573,,,,,,,,
0,225037,5,91.55,-975.1,209.11,-533.45,521.24,455.93,27.49,33.19,-28.86
1,225049,5,-955.57,168.82,1108.64,338.13,346.68,88.5,10.12,33.45,-28.15
2,225061,6,-265.99,20.87,1141.11,154.42,354.61,-18.31,-1.06,58.48,-29.10
3,225074,0,1.48662,,,,,,,,
4,225076,0,0.0,,,,,,,,
5,225077,1,10.942579,,,,,,,,
6,225079,0,3.225806,,,,,,,,
0,225083,4,69.58,-951.78,68.73,-90.94,-117.19,-132.45,27.98,31.58,-28.65
1,225095,4,-720.7,-204.47,1076.29,-678.1,-799.56,173.95,10.05,32.51,-28.54
2,225111,5,426.03,-106.93,969.6,204.47,-538.33,527.95,-1.42,58.63,-29.20
3,225123,0,1.992032,,,,,,,,
4,225125,0,0.0,,,,,,,,
5,225126,1,10.942579,,,,,,,,
6,225128,1,1.890547,,,,,,,,
0,225132,4,453.86,159.42,711.79,906.98,-750.12,-183.72,25.39,35.80,-29.25
1,225144,4,118.29,126.83,1056.4,-820.31,-1534.42,175.17,4.42,29.36,-31.10
2,225157,4,430.79,57.37,1081.42,214.84,-543.82,778.81,-0.71,57.37,-29.14
3,225169,0,2.093719,,,,,,,,
4,225170,0,0.0,,,,,,,,
5,225175,1,9.753483,,,,,,,,
6,225177,1,1.992032,,,,,,,,
0,225181,4,-324.22,-448.97,1108.28,1226.2,-481.57,-220.34,22.2,39.79,-31.05
1,225193,5,-136.72,60.67,1053.83,-440.06,-1273.19,208.74,-1.03,26.50,-31.64
2,225206,4,248.9,-97.66,1092.65,373.54,-651.86,858.15,-1.12,56.86,-30.32
3,225218,0,2.195609,,,,,,,,
4,225220,0,0.0,,,,,,,,
5,225221,0,10.583153,,,,,,,,
6,225223,0,2.502502,,,,,,,,
0,225227,4,21.85,-699.71,979.13,1030.27,-189.82,-233.76,21.59,43.98,-29.52
1,225240,3,-265.38,106.57,852.17,-93.99,-483.4,200.81,-1.03,26.50,-31.64
2,225254,5,45.17,-603.27,1079.35,366.82,-673.22,303.34,-2.45,57.34,-30.43
3,225266,0,2.093719,,,,,,,,
4,225268,0,0.0,,,,,,,,
5,225269,0,11.546841,,,,,,,,
6,225271,0,3.225806,,,,,,,,
0,225275,5,107.06,-587.28,897.22,401.61,-94.6,-68.36,21.37,47.06,-28.99
1,225288,4,-134.4,59.81,1020.02,-59.81,-95.83,8.54,-3.09,25.09,-31.19
2,225300,3,224.37,-70.92,858.03,169.07,-551.76,-296.63,-2.45,57.34,-30.43
3,225310,0,1.992032,,,,,,,,
4,225312,0,0.0,,,,,,,,
5,225317,0,11.912569,,,,,,,,
6,225319,0,3.959391,,,,,,,,
0,225324,4,85.33,-492.07,851.81,170.29,-123.29,-119.02,21.17,46.62,-27.92
1,225336,4,-143.31,88.13,1028.32,-103.76,-99.49,3.66,-3.63,25.62,-31.24
2,225347,5,177.0,-154.54,1012.08,241.09,-441.28,-14.04,-5.26,57.98,-31.46
3,225359,0,1.992032,,,,,,,,
4,225361,0,0.0,,,,,,,,
5,225363,0,12.157722,,,,,,,,
6,225364,2,4.383283,,,,,,,,
0,225369,3,56.64,-630.49,888.67,156.86,-125.73,-66.53,21.17,46.62,-27.92
1,225380,4,-149.29,99.85,1020.51,-55.54,-83.01,-9.77,-4.64,24.82,-30.58
2,225395,5,171.14,-227.78,924.19,269.78,-443.73,68.97,-6.81,58.61,-31.30
3,225408,0,2.093719,,,,,,,,
4,225410,0,0.0,,,,,,,,
5,225411,1,12.527473,,,,,,,,
6,225413,0,4.918033,,,,,,,,
0,225417,4,95.7,-524.66,840.45,61.65,-152.59,-62.26,20.76,47.39,-28.98
1,225429,4,-156.01,99.12,1016.48,-104.37,-72.02,3.05,-4.87,24.82,-33.02
2,225441,4,109.99,-58.47,953.0,242.31,-385.13,16.48,-8.8,59.62,-31.88
3,225453,0,2.195609,,,,,,,,
4,225455,0,0.0,,,,,,,,
5,225460,0,12.775331,,,,,,,,
6,225462,0,5.025641,,,,,,,,
0,225466,4,59.2,-504.39,853.03,11.6,-148.32,-36.01,19.49,48.34,-28.20
1,225477,5,-167.97,110.23,1017.7,-62.26,-70.8,-8.54,-5.02,24.51,-32.35
2,225489,6,-6.59,-358.89,948.12,253.3,-291.75,283.2,-9.86,60.99,-31.04
3,225502,0,2.093719,,,,,,,,
4,225504,0,0.0,,,,,,,,
5,225506,0,12.899668,,,,,,,,
6,225507,1,5.13347,,,,,,,,
0,225511,4,6.96,-518.31,859.5,8.54,-130.62,0.61,18.69,49.11,-28.80
1,225523,4,-172.49,126.34,1024.9,-25.02,-29.91,-1.83,-5.44,23.45,-32.50
2,225539,4,49.44,-246.95,936.04,145.26,-100.71,-84.84,-10.51,61.12,-30.57
3,225551,0,1.992032,,,,,,,,
4,225553,0,0.0,,,,,,,,
5,225554,0,13.024283,,,,,,,,
6,225556,0,5.349794,,,,,,,,
0,225560,4,39.06,-517.7,856.81,50.66,-67.14,1.83,17.54,49.77,-28.96
1,225571,5,-168.58,115.48,1015.01,-10.38,-15.87,5.49,-5.74,23.75,-32.28
2,225584,5,104.74,-273.32,958.25,113.53,-74.46,-83.62,-11.34,61.12,-30.70
3,225596,0,1.992032,,,,,,,,
4,225598,0,0.0,,,,,,,,
5,225603,0,13.274336,,,,,,,,
6,225605,0,5.56701,,,,,,,,
0,225608,5,42.72,-507.57,848.39,50.05,-43.95,0.0,16.42,49.93,-29.88
1,225620,6,-155.88,102.29,1055.05,-23.19,-19.53,5.49,-6.07,23.28,-30.68
2,225633,4,118.04,-304.2,995.61,79.35,-183.11,-191.65,-11.65,62.34,-30.16
3,225645,0,1.992032,,,,,,,,
4,225647,0,0.0,,,,,,,,
5,225648,0,13.39978,,,,,,,,
6,225650,0,5.785123,,,,,,,,
0,225654,4,48.95,-521.36,844.85,63.48,-54.93,-26.25,16.66,50.34,-29.99
1,225667,4,-168.21,126.83,1022.83,-56.15,-34.79,7.93,-5.73,23.03,-31.93
2,225682,4,69.21,-275.88,975.59,61.65,-245.36,-153.81,-13.57,62.30,-30.08
3,225694,0,1.992032,,,,,,,,
4,225695,0,0.0,,,,,,,,
5,225697,0,13.5255,,,,,,,,
6,225699,0,6.004141,,,,,,,,
0,225703,5,2.56,-523.8,850.71,65.31,-73.24,-32.35,15.7,50.51,-30.65
1,225715,5,-171.02,153.93,1020.75,-46.39,-50.66,6.1,-6.56,23.57,-31.79
2,225727,5,-21.48,-237.79,992.92,59.81,-242.31,-109.86,-14.87,62.59,-29.93
3,225739,0,1.890547,,,,,,,,
4,225741,0,0.0,,,,,,,,
5,225742,1,13.651498,,,,,,,,
6,225748,0,6.113989,,,,,,,,
0,225752,5,27.95,-519.29,844.24,61.65,-40.89,-14.04,15.55,50.63,-30.13
1,225764,5,-169.92,142.58,1023.93,-49.44,-34.79,25.02,-6.32,22.55,-31.88
2,225776,4,-4.64,-253.54,952.39,67.14,-247.19,-32.96,-15.83,62.89,-30.27
3,225788,0,1.890547,,,,,,,,
4,225790,0,0.0,,,,,,,,
5,225792,0,13.777779,,,,,,,,
6,225794,0,6.444907,,,,,,,,
0,225798,4,13.06,-510.38,851.44,58.59,-56.15,-21.97,15.86,50.45,-30.73
1,225810,4,-212.28,125.85,961.06,-70.19,-36.62,16.48,-6.92,22.44,-30.92
2,225825,4,-41.5,-261.72,958.25,61.04,-263.67,-93.38,-17.31,62.48,-30.15
3,225837,1,1.890547,,,,,,,,
4,225839,0,0.0,,,,,,,,
5,225841,0,13.777779,,,,,,,,
6,225843,0,6.666666,,,,,,,,
0,225846,5,-10.01,-529.17,843.14,95.83,-48.22,-17.7,15.47,50.60,-31.26
1,225858,5,-190.8,131.47,1021.85,-67.75,-31.74,29.91,-6.84,21.83,-30.82
2,225870,5,-76.78,-271.85,976.07,64.09,-264.28,-116.58,-18.02,62.93,-29.97
3,225883,0,1.890547,,,,,,,,
4,225885,0,0.0,,,,,,,,
5,225886,1,13.904338,,,,,,,,
6,225892,0,6.889353,,,,,,,,
0,225895,5,1.1,-531.86,841.55,104.98,-41.5,-25.02,14.65,50.60,-29.83
1,225907,5,-184.94,157.1,1035.89,-74.46,-55.54,4.88,-6.77,21.57,-32.20
2,225920,4,-106.32,-301.03,963.01,80.57,-289.92,-112.92,-19.65,63.68,-30.46
3,225932,0,1.890547,,,,,,,,
4,225934,0,0.0,,,,,,,,
5,225935,0,13.904338,,,,,,,,
6,225937,0,7.112971,,,,,,,,
0,225941,4,-31.25,-535.03,846.56,126.95,-50.66,-37.23,14.65,51.43,-30.33
1,225953,4,-195.19,208.5,1028.69,-74.46,-81.18,-8.54,-7.13,20.90,-31.71
2,225969,4,-141.24,-281.13,961.67,78.74,-262.45,-112.3,-21.35,63.85,-29.15
3,225981,0,1.789265,,,,,,,,
4,225983,0,0.0,,,,,,,,
5,225984,0,14.03118,,,,,,,,
6,225986,0,7.337526,,,,,,,,
0,225990,4,-15.5,-539.18,849.98,148.93,-19.53,-38.45,13.85,52.61,-30.16
1,226002,5,-178.59,244.63,1096.68,-48.22,-135.5,-6.1,-8.09,20.50,-30.98
2,226015,4,-112.92,-303.47,1008.91,76.9,-269.78,-131.84,-22.96,63.75,-29.21
3,226026,1,1.688183,,,,,,,,
4,226028,0,0.0,,,,,,,,
5,226030,0,14.03118,,,,,,,,
6,226035,0,7.676131,,,,,,,,
0,226039,4,-61.65,-525.63,870.24,273.44,0.0,-31.74,14.77,51.67,-29.33
1,226052,4,-216.92,227.29,1146.24,3.66,-278.32,42.11,-9.02,20.81,-31.57
2,226064,3,-131.23,-312.62,1081.18,56.15,-357.67,-247.19,-22.96,63.75,-29.21
3,226074,0,1.688183,,,,,,,,
4,226076,0,0.0,,,,,,,,
5,226078,0,14.03118,,,,,,,,
6,226080,0,7.676131,,,,,,,,
0,226083,5,21.0,-533.57,884.4,440.67,39.67,-6.71,15.14,53.00,-28.89
1,226096,4,-242.92,127.93,1230.35,17.09,-435.79,77.51,-10.35,20.86,-30.40
2,226111,5,-93.51,-414.18,1090.7,45.17,-471.8,-184.94,-24.62,64.10,-29.74
3,226123,0,1.587301,,,,,,,,
4,226125,0,0.0,,,,,,,,
5,226127,0,13.5255,,,,,,,,
6,226129,0,7.676131,,,,,,,,
0,226132,6,-62.26,-552.73,893.92,745.24,-40.89,-90.94,14.9,54.71,-26.75
1,226145,4,-249.02,260.5,1270.26,-65.92,-709.84,20.75,-13.13,20.15,-29.74
2,226157,5,-177.12,-265.5,1180.91,20.75,-621.95,-288.7,-27.12,64.10,-28.26
3,226169,0,1.48662,,,,,,,,
4,226171,0,0.0,,,,,,,,
5,226177,0,12.651266,,,,,,,,
6,226179,0,6.777893,,,,,,,,
0,226182,5,29.79,-553.22,892.21,1100.46,194.7,-0.61,14.88,57.53,-23.06
1,226194,5,-279.91,112.18,1319.34,106.81,-1096.19,79.35,-16.65,20.28,-26.61
2,226206,5,-192.38,-478.88,1059.94,54.93,-674.44,-86.67,-29.87,63.85,-28.83
3,226219,0,1.386138,,,,,,,,
4,226221,0,0.0,,,,,,,,
5,226222,1,10.107528,,,,,,,,
6,226224,1,5.894519,,,,,,,,
0,226228,3,-1.59,-678.59,674.93,1525.27,119.63,-130.0,14.88,57.53,-23.06
1,226239,4,-336.43,7.93,1138.79,3.05,-1362.92,-93.38,-21.81,20.17,-22.58
2,226254,5,-256.35,-399.54,919.68,54.32,-614.62,-581.67,-32.96,63.67,-27.75
3,226267,0,0.097752,,,,,,,,
4,226269,0,0.0,,,,,,,,
5,226270,1,7.789474,,,,,,,,
6,226272,1,6.224066,,,,,,,,
0,226276,4,37.84,-798.95,526.86,1733.4,138.55,-277.71,15.27,61.13,-19.75
1,226288,4,-425.17,31.25,1039.18,-255.13,-1557.01,-186.16,-27.17,19.35,-19.15
2,226300,5,-173.46,-272.95,906.01,29.91,-546.88,-974.12,-36.94,62.44,-26.90
3,226313,0,0.0,,,,,,,,
4,226314,1,0.0,,,,,,,,
5,226320,0,7.676131,,,,,,,,
6,226321,1,6.555671,,,,,,,,
0,226325,4,-102.91,-861.82,437.01,1958.01,-41.5,-386.35,14.7,65.44,-14.22
1,226337,4,-520.02,224.49,1034.42,-418.7,-1761.47,-161.13,-31.88,17.82,-14.62
2,226350,5,-338.87,-180.05,1114.01,27.47,-560.3,-1015.01,-40.82,60.95,-25.48
3,226362,0,0.0,,,,,,,,
4,226364,0,0.0,,,,,,,,
5,226365,1,9.168444,,,,,,,,
6,226367,0,6.444907,,,,,,,,
0,226371,4,-215.09,-1177.0,411.38,2134.4,325.93,-244.75,13.4,68.32,-5.88
1,226383,3,-646.97,364.26,1104.49,-65.92,-2064.21,36.62,-31.88,17.82,-14.62
2,226408,4,-224.73,69.7,904.66,22.58,-706.79,-927.73,-45.4,58.37,-23.89
3,226419,1,0.0,,,,,,,,
4,226421,0,0.0,,,,,,,,
5,226423,0,6.889353,,,,,,,,
6,226425,0,4.703476,,,,,,,,
0,226428,6,-116.58,-1068.12,424.19,2117.92,662.23,-170.9,12.13,69.59,2.88
1,226441,5,-439.21,129.15,674.44,353.39,-2547.0,357.67,-39.4,17.65,4.24
2,226453,5,-354.61,-12.94,776.98,96.44,-676.27,-616.46,-48.74,55.38,-22.05
3,226465,0,1.185771,,,,,,,,
4,226470,0,0.0,,,,,,,,
5,226472,0,7.112971,,,,,,,,
6,226475,0,3.32997,,,,,,,,
0,226478,5,-467.04,-1770.39,976.68,1353.15,1286.01,-112.3,9.11,69.57,11.99
1,226490,5,-464.72,67.02,-665.28,1384.28,-328.98,-603.03,-39.76,16.33,9.33
2,226502,5,-363.28,-112.79,543.46,170.9,-280.15,-338.13,-51.65,54.49,-19.13
3,226514,0,1.185771,,,,,,,,
4,226516,0,0.0,,,,,,,,
5,226519,0,7.225131,,,,,,,,
6,226520,1,3.32997,,,,,,,,
0,226524,4,328.61,-655.64,472.66,-1395.87,200.81,120.24,5.68,68.51,17.93
1,226539,5,-59.69,382.81,752.32,259.4,1492.92,76.9,-39.51,15.31,2.86
2,226551,5,-206.18,115.72,547.97,-15.26,256.96,-15.87,-52.66,53.33,-18.88
3,226564,0,1.185771,,,,,,,,
4,226566,0,0.0,,,,,,,,
5,226567,1,7.789474,,,,,,,,
6,226569,0,3.434343,,,,,,,,
0,226573,4,98.63,-546.63,452.27,-1109.01,111.08,658.57,5.26,70.68,13.45
1,226585,3,-235.35,-5.37,70.31,245.36,1401.98,444.34,-39.51,15.31,2.86
2,226596,4,-481.69,-24.29,502.32,-24.41,691.53,299.07,-52.01,52.89,-20.07
3,226612,0,1.285856,,,,,,,,
4,226613,1,0.0,,,,,,,,
5,226615,0,8.704883,,,,,,,,
6,226617,0,3.32997,,,,,,,,
0,226621,4,-140.14,-584.11,254.76,-2091.06,-358.28,372.31,7.91,71.59,6.59
1,226633,4,-221.19,-8.79,956.42,-68.36,2119.75,-23.19,-38.75,16.69,-2.10
2,226644,6,-327.76,-133.54,619.75,-11.6,1228.64,357.67,-49.08,54.15,-22.90
3,226657,0,1.386138,,,,,,,,
4,226659,0,0.0,,,,,,,,
5,226661,0,8.936171,,,,,,,,
6,226663,0,3.225806,,,,,,,,
0,226666,5,-69.21,-804.2,419.92,-1691.28,204.47,251.46,8.97,71.46,-3.00
1,226682,4,-342.41,142.82,723.88,432.74,1803.59,-105.59,-34.78,15.70,-10.14
2,226695,4,-379.64,-124.02,730.71,-79.96,1588.13,85.45,-44.79,54.15,-28.21
3,226706,0,1.386138,,,,,,,,
4,226708,0,0.0,,,,,,,,
5,226710,0,9.284953,,,,,,,,
6,226712,0,3.121853,,,,,,,,
0,226715,5,165.41,-1122.8,525.51,-1967.77,94.6,413.82,9.61,68.99,-10.24
1,226727,6,-468.99,99.12,1225.59,233.76,2130.13,20.75,-31.16,15.60,-15.91
2,226740,5,-292.72,-16.11,929.08,7.93,1705.93,465.7,-38.6,54.32,-31.80
3,226755,0,1.386138,,,,,,,,
4,226757,0,0.0,,,,,,,,
5,226759,0,9.518717,,,,,,,,
6,226761,0,3.225806,,,,,,,,
0,226764,4,241.09,-956.18,591.19,-1651.61,58.59,635.99,11.35,63.81,-18.01
1,226777,4,-408.08,204.1,1150.51,364.99,1774.29,318.6,-24.49,15.98,-23.74
2,226789,5,-278.2,-123.29,1018.68,54.32,1814.58,667.11,-30.55,54.22,-33.97
3,226801,0,1.386138,,,,,,,,
4,226803,0,0.0,,,,,,,,
5,226804,1,9.518717,,,,,,,,
6,226806,0,3.225806,,,,,,,,
0,226810,4,67.63,-1013.79,771.61,-1486.21,77.51,1010.13,14.07,58.73,-23.45
1,226826,5,-474.61,24.05,1348.27,497.44,1655.88,628.05,-16.48,17.31,-28.41
2,226838,5,-209.23,-289.31,1193.73,15.26,1868.29,525.51,-21.5,53.97,-35.42
3,226850,0,1.386138,,,,,,,,
4,226852,0,0.0,,,,,,,,
5,226854,0,9.635974,,,,,,,,
6,226855,1,3.225806,,,,,,,,
0,226860,4,-19.53,-1105.83,847.29,-1447.14,157.47,708.01,16.66,52.47,-27.01
1,226872,4,-556.88,-82.28,1479.86,405.27,1567.38,233.15,-9.95,19.63,-30.70
2,226884,4,-132.81,-158.81,1281.01,50.05,1749.88,263.06,-13.61,53.28,-35.86
3,226899,0,1.386138,,,,,,,,
4,226902,0,0.0,,,,,,,,
5,226904,0,9.753483,,,,,,,,
6,226906,0,3.32997,,,,,,,,
0,226909,4,177.37,-1110.23,883.91,-1344.6,271.61,427.25,19.31,46.13,-29.32
1,226921,5,-571.04,251.22,1313.11,443.73,1415.41,43.95,-2.66,20.48,-29.96
2,226933,5,-126.95,-24.29,1366.82,100.71,1526.49,318.6,-6.75,53.00,-34.08
3,226946,0,1.386138,,,,,,,,
4,226948,0,0.0,,,,,,,,
5,226949,1,9.98926,,,,,,,,
6,226951,0,3.32997,,,,,,,,
0,226955,4,136.23,-953.49,553.71,-1261.6,72.63,593.26,21.0,41.17,-31.14
1,226970,5,-838.38,44.31,1416.38,341.19,1148.07,307.01,3.87,22.96,-30.76
2,226982,5,-186.04,-175.9,1335.82,184.94,1136.47,439.45,-1.57,52.76,-31.03
3,226995,0,1.386138,,,,,,,,
4,226997,0,0.0,,,,,,,,
5,226998,1,10.344828,,,,,,,,
6,227000,0,3.538928,,,,,,,,
0,227004,4,-35.28,-1188.35,76.29,-449.83,222.17,555.42,22.28,36.25,-31.84
1,227016,4,-1198.49,479.49,1103.64,358.89,454.71,394.29,8.45,24.18,-28.67
2,227028,4,-459.72,-39.79,1235.11,125.73,100.1,373.54,-1.57,52.76,-31.03
3,227043,0,1.48662,,,,,,,,
4,227045,0,0.0,,,,,,,,
5,227046,0,10.463863,,,,,,,,
6,227048,0,3.225806,,,,,,,,
0,227052,4,-450.44,-734.62,-202.03,954.59,-259.4,169.07,22.57,35.86,-31.98
1,227064,4,390.38,-371.7,1159.55,-264.28,-1271.97,117.8,9.39,24.79,-28.30
2,227077,4,1428.34,-229.61,714.36,261.84,-394.29,680.54,1.22,52.64,-29.68
3,227088,1,1.890547,,,,,,,,
4,227090,0,0.0,,,,,,,,
5,227092,0,9.753483,,,,,,,,
6,227094,0,1.992032,,,,,,,,
0,227097,5,13.18,-441.16,948.0,1138.92,-428.47,-197.14,20.03,39.73,-31.77
1,227113,5,-24.54,-29.05,1106.08,-556.64,-1386.72,47.0,4.17,23.67,-29.19
2,227126,4,678.71,-17.58,1057.5,184.33,-443.73,214.23,0.4,52.11,-30.64
3,227137,1,1.890547,,,,,,,,
4,227139,0,0.0,,,,,,,,
5,227141,0,10.22605,,,,,,,,
6,227143,0,2.4,,,,,,,,
